value,timestamp,anomaly
0.2120604875553349,2021-07-01 00:00:00,True
-0.7384966359080058,2021-07-01 06:00:00,True
1.3642636140971847e-16,2021-07-01 12:00:00,False
-0.4895639950296984,2021-07-01 18:00:00,False
5.062442750165598e-17,2021-07-02 00:00:00,False
0.4866325467849265,2021-07-02 06:00:00,False
1.0284593613656991e-16,2021-07-02 12:00:00,False
-0.5430514135312317,2021-07-02 18:00:00,False
4.8990137999784683e-17,2021-07-03 00:00:00,False
0.37923204153667656,2021-07-03 06:00:00,False
1.3332552424455377e-16,2021-07-03 12:00:00,False
-0.5353312015502277,2021-07-03 18:00:00,False
6.680304235806318e-17,2021-07-04 00:00:00,False
0.5215828275985696,2021-07-04 06:00:00,False
1.3161612073053545e-16,2021-07-04 12:00:00,False
-0.49114042185531037,2021-07-04 18:00:00,False
6.586664196992888e-17,2021-07-05 00:00:00,False
0.48933247330798463,2021-07-05 06:00:00,False
-0.9190395959289166,2021-07-05 12:00:00,True
-0.42754747822544104,2021-07-05 18:00:00,False
6.642851254878571e-17,2021-07-06 00:00:00,False
0.5489879209683869,2021-07-06 06:00:00,False
1.2440758476891713e-16,2021-07-06 12:00:00,False
-0.5081709064219997,2021-07-06 18:00:00,False
7.307230194706125e-17,2021-07-07 00:00:00,False
0.5584026770125987,2021-07-07 06:00:00,False
1.2003124305771063e-16,2021-07-07 12:00:00,False
-0.5546998902727783,2021-07-07 18:00:00,False
5.724378929634092e-17,2021-07-08 00:00:00,False
0.434766553102059,2021-07-08 06:00:00,False
1.1007559859528877e-16,2021-07-08 12:00:00,False
-0.5790311931371016,2021-07-08 18:00:00,False
5.464806270974559e-17,2021-07-09 00:00:00,False
0.3500434548034171,2021-07-09 06:00:00,False
1.221582727578171e-16,2021-07-09 12:00:00,False
-0.4848294185804446,2021-07-09 18:00:00,False
5.2041335804899197e-17,2021-07-10 00:00:00,False
0.5320793270685352,2021-07-10 06:00:00,False
1.0223527160034062e-16,2021-07-10 12:00:00,False
-0.4512172787967622,2021-07-10 18:00:00,False
6.731312583405998e-17,2021-07-11 00:00:00,False
0.5067141095560218,2021-07-11 06:00:00,False
1.260250417938294e-16,2021-07-11 12:00:00,False
-0.4956801275070871,2021-07-11 18:00:00,False
5.0037795513916137e-17,2021-07-12 00:00:00,False
0.5585579787048295,2021-07-12 06:00:00,False
1.3095441788523604e-16,2021-07-12 12:00:00,False
-0.45045895496991867,2021-07-12 18:00:00,False
5.958095840852153e-17,2021-07-13 00:00:00,False
0.5033712685592167,2021-07-13 06:00:00,False
1.2340087500426866e-16,2021-07-13 12:00:00,False
-0.5227297151194348,2021-07-13 18:00:00,False
,2021-07-14 00:00:00,False
0.4781145387057865,2021-07-14 06:00:00,False
1.2697477632899074e-16,2021-07-14 12:00:00,False
-0.5404048390423319,2021-07-14 18:00:00,False
6.099326396414084e-17,2021-07-15 00:00:00,False
0.48702947467052804,2021-07-15 06:00:00,False
1.2615016348031435e-16,2021-07-15 12:00:00,False
-0.49485210917162725,2021-07-15 18:00:00,False
5.892758691140544e-17,2021-07-16 00:00:00,False
,2021-07-16 06:00:00,False
1.2457401800398614e-16,2021-07-16 12:00:00,False
,2021-07-16 18:00:00,False
6.603297645537218e-17,2021-07-17 00:00:00,False
0.5004612678364284,2021-07-17 06:00:00,False
1.2414435058118273e-16,2021-07-17 12:00:00,False
-0.5785171515226898,2021-07-17 18:00:00,False
5.84374009636584e-17,2021-07-18 00:00:00,False
0.5577256593438634,2021-07-18 06:00:00,False
1.2985850974010837e-16,2021-07-18 12:00:00,False
,2021-07-18 18:00:00,False
6.641757988706377e-17,2021-07-19 00:00:00,False
0.5265310190753854,2021-07-19 06:00:00,False
1.531921107587098e-16,2021-07-19 12:00:00,False
-0.5286059188940703,2021-07-19 18:00:00,False
5.699703765297807e-17,2021-07-20 00:00:00,False
0.47447598631569027,2021-07-20 06:00:00,False
1.15441594847748e-16,2021-07-20 12:00:00,False
-0.5049983956760499,2021-07-20 18:00:00,False
6.952741609957228e-17,2021-07-21 00:00:00,False
0.4758161073784597,2021-07-21 06:00:00,False
8.916653884973966e-17,2021-07-21 12:00:00,False
-0.5472371050709117,2021-07-21 18:00:00,True
6.893753885513034e-17,2021-07-22 00:00:00,False
0.45384540274747437,2021-07-22 06:00:00,False
1.31365404440312e-16,2021-07-22 12:00:00,False
-0.6009629920949596,2021-07-22 18:00:00,False
6.359382239540661e-17,2021-07-23 00:00:00,False
0.5003005595107602,2021-07-23 06:00:00,False
1.1369381935566086e-16,2021-07-23 12:00:00,False
-0.45068441293617106,2021-07-23 18:00:00,False
5.589034415377593e-17,2021-07-24 00:00:00,False
0.49437953062544193,2021-07-24 06:00:00,False
1.403756205077918e-16,2021-07-24 12:00:00,False
-0.5088508738350401,2021-07-24 18:00:00,False
6.065828799114149e-17,2021-07-25 00:00:00,False
0.5272131832904275,2021-07-25 06:00:00,False
1.1780834385612914e-16,2021-07-25 12:00:00,False
-0.524973039031162,2021-07-25 18:00:00,False
5.251654059160837e-17,2021-07-26 00:00:00,False
,2021-07-26 06:00:00,False
1.19581470040284e-16,2021-07-26 12:00:00,False
-0.5108160422989184,2021-07-26 18:00:00,False
6.383384929793956e-17,2021-07-27 00:00:00,False
0.5633213333959802,2021-07-27 06:00:00,False
1.1251180956206853e-16,2021-07-27 12:00:00,False
-0.35464051136900054,2021-07-27 18:00:00,False
6.11283232942766e-17,2021-07-28 00:00:00,False
0.4667326275463059,2021-07-28 06:00:00,False
1.228076630956687e-16,2021-07-28 12:00:00,False
-0.49377021599995036,2021-07-28 18:00:00,False
5.84941123917351e-17,2021-07-29 00:00:00,False
0.5389395680754415,2021-07-29 06:00:00,False
1.3609736523273829e-16,2021-07-29 12:00:00,False
-0.5595164927394845,2021-07-29 18:00:00,False
6.610230495414541e-17,2021-07-30 00:00:00,False
0.5129542967822719,2021-07-30 06:00:00,False
1.009960417822071e-16,2021-07-30 12:00:00,False
-0.5097436644711895,2021-07-30 18:00:00,False
5.77387298689879e-17,2021-07-31 00:00:00,False
0.42643715981209174,2021-07-31 06:00:00,False
1.1311924026522777e-16,2021-07-31 12:00:00,False
-0.49326107166690997,2021-07-31 18:00:00,False
6.346144197446966e-17,2021-08-01 00:00:00,False
0.4902516759322008,2021-08-01 06:00:00,False
1.1978259584173379e-16,2021-08-01 12:00:00,False
-0.5403103658797415,2021-08-01 18:00:00,False
6.495310206046601e-17,2021-08-02 00:00:00,False
,2021-08-02 06:00:00,False
1.0777421435347878e-16,2021-08-02 12:00:00,False
-0.6411271967785547,2021-08-02 18:00:00,False
5.508051771309085e-17,2021-08-03 00:00:00,False
0.4786551095547006,2021-08-03 06:00:00,False
1.276461450734239e-16,2021-08-03 12:00:00,False
-0.45305513530955455,2021-08-03 18:00:00,False
6.787704442292566e-17,2021-08-04 00:00:00,False
0.49618448995115105,2021-08-04 06:00:00,False
1.238736884220912e-16,2021-08-04 12:00:00,False
-0.42581485687587084,2021-08-04 18:00:00,False
6.508095227499008e-17,2021-08-05 00:00:00,False
0.46893377879858394,2021-08-05 06:00:00,False
1.1387061083794179e-16,2021-08-05 12:00:00,False
-0.5396089808667708,2021-08-05 18:00:00,False
5.715524442955125e-17,2021-08-06 00:00:00,False
0.5575837910353162,2021-08-06 06:00:00,False
1.1153999885171862e-16,2021-08-06 12:00:00,False
-0.4395212381083989,2021-08-06 18:00:00,False
5.494755392523975e-17,2021-08-07 00:00:00,False
0.5184227005505925,2021-08-07 06:00:00,False
1.2648930753424298e-16,2021-08-07 12:00:00,False
-0.5229453664690565,2021-08-07 18:00:00,False
5.3271451800862425e-17,2021-08-08 00:00:00,False
0.5074338001082049,2021-08-08 06:00:00,False
1.12394078574381e-16,2021-08-08 12:00:00,False
-0.5578458520483457,2021-08-08 18:00:00,False
5.559662272158158e-17,2021-08-09 00:00:00,False
0.4508967684751698,2021-08-09 06:00:00,False
1.2161012739585566e-16,2021-08-09 12:00:00,False
-0.548621254624334,2021-08-09 18:00:00,False
6.639241877837594e-17,2021-08-10 00:00:00,False
0.47614944984849134,2021-08-10 06:00:00,False
1.4008364269326127e-16,2021-08-10 12:00:00,False
0.11752188108921757,2021-08-10 18:00:00,True
6.080584406248876e-17,2021-08-11 00:00:00,False
0.4977403234132432,2021-08-11 06:00:00,False
1.1772347610702905e-16,2021-08-11 12:00:00,False
-0.4349835196886944,2021-08-11 18:00:00,False
6.043109356106282e-17,2021-08-12 00:00:00,False
0.5907498039064941,2021-08-12 06:00:00,False
1.2329895502818338e-16,2021-08-12 12:00:00,False
-0.5186380488107162,2021-08-12 18:00:00,False
6.169941532765268e-17,2021-08-13 00:00:00,False
0.4273064161434129,2021-08-13 06:00:00,False
1.5752345384933343e-16,2021-08-13 12:00:00,False
-0.42264058770209517,2021-08-13 18:00:00,False
5.9117802120439e-17,2021-08-14 00:00:00,False
0.4708669240459752,2021-08-14 06:00:00,False
1.2593288966294705e-16,2021-08-14 12:00:00,False
-0.4796168556931375,2021-08-14 18:00:00,False
6.430519740060418e-17,2021-08-15 00:00:00,False
-0.7829272647324899,2021-08-15 06:00:00,True
1.1025368150688831e-16,2021-08-15 12:00:00,False
-0.5505894729333403,2021-08-15 18:00:00,False
6.248347515452524e-17,2021-08-16 00:00:00,False
0.5285885136150457,2021-08-16 06:00:00,False
1.182992855304634e-16,2021-08-16 12:00:00,False
-0.48904077882060887,2021-08-16 18:00:00,False
6.67915697789164e-17,2021-08-17 00:00:00,False
0.4616753074856286,2021-08-17 06:00:00,False
1.0930319957494725e-16,2021-08-17 12:00:00,False
-0.48543102500874963,2021-08-17 18:00:00,False
5.95668051516644e-17,2021-08-18 00:00:00,False
0.588294849749477,2021-08-18 06:00:00,False
1.1656756261904373e-16,2021-08-18 12:00:00,False
0.6970500469044558,2021-08-18 18:00:00,True
5.506764977021413e-17,2021-08-19 00:00:00,False
0.4093087926163618,2021-08-19 06:00:00,False
1.258153426612964e-16,2021-08-19 12:00:00,False
-0.5608384535574414,2021-08-19 18:00:00,False
6.931695808206189e-17,2021-08-20 00:00:00,False
,2021-08-20 06:00:00,False
1.1985129601746876e-16,2021-08-20 12:00:00,False
-0.4606596396454925,2021-08-20 18:00:00,False
5.87788190336995e-17,2021-08-21 00:00:00,False
0.4401288080598008,2021-08-21 06:00:00,False
1.3229203786800243e-16,2021-08-21 12:00:00,False
-0.4215980101957179,2021-08-21 18:00:00,False
6.32780196923608e-17,2021-08-22 00:00:00,False
0.554090405430175,2021-08-22 06:00:00,False
,2021-08-22 12:00:00,False
-0.522887330917474,2021-08-22 18:00:00,False
7.388807694118255e-17,2021-08-23 00:00:00,False
0.5594445836948703,2021-08-23 06:00:00,False
1.1952523985693286e-16,2021-08-23 12:00:00,False
-0.593961906553942,2021-08-23 18:00:00,False
5.509832086970862e-17,2021-08-24 00:00:00,False
0.515565082911662,2021-08-24 06:00:00,False
1.146697497685902e-16,2021-08-24 12:00:00,False
-0.5125608923946413,2021-08-24 18:00:00,False
5.949645491605188e-17,2021-08-25 00:00:00,False
0.5035172102417409,2021-08-25 06:00:00,False
1.140948596955026e-16,2021-08-25 12:00:00,False
-0.4739656476919218,2021-08-25 18:00:00,False
6.44773817435482e-17,2021-08-26 00:00:00,False
0.49341748873959407,2021-08-26 06:00:00,False
1.2495871217451175e-16,2021-08-26 12:00:00,False
-0.42772764195426266,2021-08-26 18:00:00,False
-0.11468904055056117,2021-08-27 00:00:00,True
0.47091817897534405,2021-08-27 06:00:00,False
1.1200658911225377e-16,2021-08-27 12:00:00,False
-0.44334278002748895,2021-08-27 18:00:00,False
6.846087940347502e-17,2021-08-28 00:00:00,False
0.46711580457672686,2021-08-28 06:00:00,False
1.0684882675829051e-16,2021-08-28 12:00:00,False
-0.5062820157230872,2021-08-28 18:00:00,False
5.77806497430345e-17,2021-08-29 00:00:00,False
0.5613208468828526,2021-08-29 06:00:00,False
1.1373667212845266e-16,2021-08-29 12:00:00,False
-0.5263454928863622,2021-08-29 18:00:00,False
6.530897515636926e-17,2021-08-30 00:00:00,False
0.4885469581129438,2021-08-30 06:00:00,False
0.4040998391801214,2021-08-30 12:00:00,True
-0.4773740353902113,2021-08-30 18:00:00,False
5.4742331582833946e-17,2021-08-31 00:00:00,False
0.4700397412646008,2021-08-31 06:00:00,False
1.275860497056674e-16,2021-08-31 12:00:00,False
-0.5805877519995797,2021-08-31 18:00:00,False
6.167402368552944e-17,2021-09-01 00:00:00,False
0.454370779747421,2021-09-01 06:00:00,False
1.3071670995427088e-16,2021-09-01 12:00:00,False
-0.5151171555811436,2021-09-01 18:00:00,False
5.673992539757764e-17,2021-09-02 00:00:00,False
0.48320610569196576,2021-09-02 06:00:00,False
1.221632798437291e-16,2021-09-02 12:00:00,False
-0.510905415359571,2021-09-02 18:00:00,False
4.769247295448487e-17,2021-09-03 00:00:00,False
0.46787542990396075,2021-09-03 06:00:00,False
1.1770853311001333e-16,2021-09-03 12:00:00,False
-0.45412155084332645,2021-09-03 18:00:00,False
,2021-09-04 00:00:00,False
0.35450531699669363,2021-09-04 06:00:00,False
1.1014346928941471e-16,2021-09-04 12:00:00,False
-0.47405739336431174,2021-09-04 18:00:00,False
6.180593897195118e-17,2021-09-05 00:00:00,False
0.5823966215905941,2021-09-05 06:00:00,False
1.1160691479409985e-16,2021-09-05 12:00:00,False
-0.41565719867254464,2021-09-05 18:00:00,False
4.648131064129188e-17,2021-09-06 00:00:00,False
0.5365681341373404,2021-09-06 06:00:00,False
1.2510051461550974e-16,2021-09-06 12:00:00,False
-0.5676183058251133,2021-09-06 18:00:00,False
6.514305408962163e-17,2021-09-07 00:00:00,False
0.5201412341701491,2021-09-07 06:00:00,False
1.1606652386776302e-16,2021-09-07 12:00:00,False
-0.4695383119154006,2021-09-07 18:00:00,False
6.211852140818392e-17,2021-09-08 00:00:00,False
0.48581295573614247,2021-09-08 06:00:00,False
1.0162545593229568e-16,2021-09-08 12:00:00,False
0.6581279784688809,2021-09-08 18:00:00,True
5.632749280099574e-17,2021-09-09 00:00:00,False
0.4858583100767258,2021-09-09 06:00:00,False
1.3936319191358785e-16,2021-09-09 12:00:00,False
-0.471510344927525,2021-09-09 18:00:00,False
6.656241993602141e-17,2021-09-10 00:00:00,False
0.4917042457710348,2021-09-10 06:00:00,False
1.3673377656476888e-16,2021-09-10 12:00:00,False
-0.4173629263374977,2021-09-10 18:00:00,False
6.194209769411116e-17,2021-09-11 00:00:00,False
0.5565418476081527,2021-09-11 06:00:00,True
1.3328313690180837e-16,2021-09-11 12:00:00,False
-0.5545210864312144,2021-09-11 18:00:00,False
5.2202738205361436e-17,2021-09-12 00:00:00,False
0.48295177877384826,2021-09-12 06:00:00,False
-0.7494376027841574,2021-09-12 12:00:00,True
-0.5263012247007007,2021-09-12 18:00:00,False
4.5375505023931284e-17,2021-09-13 00:00:00,False
0.6049939685387966,2021-09-13 06:00:00,False
1.3338024090509945e-16,2021-09-13 12:00:00,False
-0.5034443997109159,2021-09-13 18:00:00,False
5.990097458650033e-17,2021-09-14 00:00:00,False
0.4647960524272602,2021-09-14 06:00:00,False
1.4251632124624884e-16,2021-09-14 12:00:00,False
-0.5141826481034434,2021-09-14 18:00:00,False
6.337387575187197e-17,2021-09-15 00:00:00,False
0.49760634775736134,2021-09-15 06:00:00,False
-0.2745165856486189,2021-09-15 12:00:00,True
-0.4797157201057102,2021-09-15 18:00:00,False
5.822410838729766e-17,2021-09-16 00:00:00,False
0.4767884152342505,2021-09-16 06:00:00,False
1.204067392646533e-16,2021-09-16 12:00:00,False
-0.5438101568586201,2021-09-16 18:00:00,False
6.272079192011215e-17,2021-09-17 00:00:00,False
0.531335235813679,2021-09-17 06:00:00,False
,2021-09-17 12:00:00,False
-0.4829719490136666,2021-09-17 18:00:00,False
5.938327864686834e-17,2021-09-18 00:00:00,False
0.43440198527598217,2021-09-18 06:00:00,False
1.1891375076285067e-16,2021-09-18 12:00:00,False
-0.5579960529404816,2021-09-18 18:00:00,False
5.954167949324785e-17,2021-09-19 00:00:00,False
0.41722369304169704,2021-09-19 06:00:00,False
,2021-09-19 12:00:00,False
-0.5062035391208839,2021-09-19 18:00:00,False
6.245713599245413e-17,2021-09-20 00:00:00,False
0.44574156936893394,2021-09-20 06:00:00,False
1.2333825582985063e-16,2021-09-20 12:00:00,False
0.869816316156506,2021-09-20 18:00:00,True
6.423972725427784e-17,2021-09-21 00:00:00,False
0.5144283676629486,2021-09-21 06:00:00,False
1.2707437433434621e-16,2021-09-21 12:00:00,False
-0.5588054010769719,2021-09-21 18:00:00,False
6.649162070428867e-17,2021-09-22 00:00:00,False
,2021-09-22 06:00:00,True
1.1815482970692856e-16,2021-09-22 12:00:00,False
-0.5029560515317987,2021-09-22 18:00:00,False
6.055312808768792e-17,2021-09-23 00:00:00,False
,2021-09-23 06:00:00,False
1.0877017697219407e-16,2021-09-23 12:00:00,False
-0.4351390517708683,2021-09-23 18:00:00,False
6.549568284154393e-17,2021-09-24 00:00:00,False
0.431664720216957,2021-09-24 06:00:00,False
1.142960436614589e-16,2021-09-24 12:00:00,False
-0.4875892183741686,2021-09-24 18:00:00,False
5.981716744101994e-17,2021-09-25 00:00:00,False
0.3926985881921216,2021-09-25 06:00:00,False
1.1496174598000906e-16,2021-09-25 12:00:00,False
-0.4848412662720152,2021-09-25 18:00:00,False
5.1310799098986407e-17,2021-09-26 00:00:00,False
0.4994692608446675,2021-09-26 06:00:00,False
0.290846257272924,2021-09-26 12:00:00,True
-0.4755450520777608,2021-09-26 18:00:00,False
6.143992417289203e-17,2021-09-27 00:00:00,False
0.46425895198017075,2021-09-27 06:00:00,False
1.5116685255589918e-16,2021-09-27 12:00:00,False
-0.4710106358622358,2021-09-27 18:00:00,False
6.303448370215787e-17,2021-09-28 00:00:00,False
0.4853618519284075,2021-09-28 06:00:00,False
1.0219984564803052e-16,2021-09-28 12:00:00,False
-0.5237965079401873,2021-09-28 18:00:00,False
,2021-09-29 00:00:00,False
0.5677891070287571,2021-09-29 06:00:00,False
1.2436337787012214e-16,2021-09-29 12:00:00,False
-0.47218807470443286,2021-09-29 18:00:00,False
6.094829366093062e-17,2021-09-30 00:00:00,False
0.5248491868894692,2021-09-30 06:00:00,False
,2021-09-30 12:00:00,False
-0.44802432923149826,2021-09-30 18:00:00,False
-0.4515348724676989,2021-10-01 00:00:00,False
0.0,2021-10-01 06:00:00,False
-0.5384969381816571,2021-10-01 12:00:00,False
-0.8600136421198766,2021-10-01 18:00:00,False
-0.4880777495835014,2021-10-02 00:00:00,False
0.0,2021-10-02 06:00:00,False
-0.506944732344266,2021-10-02 12:00:00,False
-0.8862154423269624,2021-10-02 18:00:00,False
-0.4211803662768386,2021-10-03 00:00:00,False
0.0,2021-10-03 06:00:00,False
-0.5219124764116772,2021-10-03 12:00:00,False
-0.8947963649662563,2021-10-03 18:00:00,False
-0.5393482408204158,2021-10-04 00:00:00,False
0.0,2021-10-04 06:00:00,False
-0.4821073967967905,2021-10-04 12:00:00,False
-0.9424439004150583,2021-10-04 18:00:00,False
-0.47407310346215015,2021-10-05 00:00:00,False
-0.5757267777755086,2021-10-05 06:00:00,True
-0.5234301333410241,2021-10-05 12:00:00,False
-1.0709417897799545,2021-10-05 18:00:00,False
-0.5375728722467877,2021-10-06 00:00:00,False
0.5234034169341635,2021-10-06 06:00:00,True
-0.40908708329969024,2021-10-06 12:00:00,False
-1.0213280723759661,2021-10-06 18:00:00,False
-0.4811989998960568,2021-10-07 00:00:00,False
0.0,2021-10-07 06:00:00,False
-0.4710178724433385,2021-10-07 12:00:00,False
-1.093934641876469,2021-10-07 18:00:00,False
-0.5854929323281367,2021-10-08 00:00:00,False
0.0,2021-10-08 06:00:00,False
-0.4566915747885958,2021-10-08 12:00:00,False
-1.0979421952279462,2021-10-08 18:00:00,False
-0.49012083989137245,2021-10-09 00:00:00,False
0.0,2021-10-09 06:00:00,False
-0.4433786694157663,2021-10-09 12:00:00,False
-1.1462395449897385,2021-10-09 18:00:00,False
-0.4934745352820024,2021-10-10 00:00:00,False
0.0,2021-10-10 06:00:00,False
-0.5212445420977626,2021-10-10 12:00:00,False
-0.7724812699835332,2021-10-10 18:00:00,False
-0.4396953891443558,2021-10-11 00:00:00,False
0.0,2021-10-11 06:00:00,False
-0.5618543366616731,2021-10-11 12:00:00,False
-1.0399354880927365,2021-10-11 18:00:00,False
-0.5061893088686343,2021-10-12 00:00:00,False
0.0,2021-10-12 06:00:00,False
-0.5775273612291467,2021-10-12 12:00:00,False
-0.8893825153776549,2021-10-12 18:00:00,False
-0.46034699118931466,2021-10-13 00:00:00,False
0.0,2021-10-13 06:00:00,False
,2021-10-13 12:00:00,False
-0.813241122427525,2021-10-13 18:00:00,False
-0.41729701371520955,2021-10-14 00:00:00,False
0.0,2021-10-14 06:00:00,False
-0.5025516823595538,2021-10-14 12:00:00,False
-1.0502808425685226,2021-10-14 18:00:00,False
-0.5385852705134004,2021-10-15 00:00:00,False
0.0,2021-10-15 06:00:00,False
-0.5283295283666453,2021-10-15 12:00:00,False
-1.076085717385525,2021-10-15 18:00:00,False
-0.5185204927813244,2021-10-16 00:00:00,False
0.0,2021-10-16 06:00:00,False
-0.5161665202388765,2021-10-16 12:00:00,False
-0.8884477015499603,2021-10-16 18:00:00,False
-0.5134747994027522,2021-10-17 00:00:00,False
0.0,2021-10-17 06:00:00,False
-0.4437253946414115,2021-10-17 12:00:00,False
-0.9750829235140912,2021-10-17 18:00:00,False
-0.5196204130734783,2021-10-18 00:00:00,False
-0.9725711132081738,2021-10-18 06:00:00,True
-0.5634234573658747,2021-10-18 12:00:00,False
-0.9339518398004102,2021-10-18 18:00:00,False
-0.5564319016873316,2021-10-19 00:00:00,False
0.0,2021-10-19 06:00:00,False
-0.43238790860276277,2021-10-19 12:00:00,False
-1.111911596312318,2021-10-19 18:00:00,False
-0.4505547519109572,2021-10-20 00:00:00,False
0.0,2021-10-20 06:00:00,False
-0.5688525844951665,2021-10-20 12:00:00,False
-0.3246331477822266,2021-10-20 18:00:00,True
-0.44455701822333143,2021-10-21 00:00:00,False
0.0,2021-10-21 06:00:00,False
-0.47445187262447486,2021-10-21 12:00:00,False
-1.1389702895674578,2021-10-21 18:00:00,False
-0.5036991146183588,2021-10-22 00:00:00,False
0.0,2021-10-22 06:00:00,False
-0.4515483076326925,2021-10-22 12:00:00,False
-1.0097751503037165,2021-10-22 18:00:00,False
,2021-10-23 00:00:00,False
0.0,2021-10-23 06:00:00,False
-0.5429089706518122,2021-10-23 12:00:00,False
-0.9923418735195535,2021-10-23 18:00:00,False
-0.4596665980251261,2021-10-24 00:00:00,False
,2021-10-24 06:00:00,False
-0.48961557514340426,2021-10-24 12:00:00,False
-1.030199465067135,2021-10-24 18:00:00,False
,2021-10-25 00:00:00,False
0.0,2021-10-25 06:00:00,False
-0.4613150790592684,2021-10-25 12:00:00,False
-1.003935025455862,2021-10-25 18:00:00,False
-0.8561177304664709,2021-10-26 00:00:00,True
0.0,2021-10-26 06:00:00,False
-0.531307225233457,2021-10-26 12:00:00,False
-0.8590936819716711,2021-10-26 18:00:00,False
-0.4539442103997673,2021-10-27 00:00:00,False
0.0,2021-10-27 06:00:00,False
-0.49837081747502854,2021-10-27 12:00:00,False
-0.852785462772654,2021-10-27 18:00:00,False
-0.5032873400991514,2021-10-28 00:00:00,False
0.0,2021-10-28 06:00:00,False
-0.516778922750293,2021-10-28 12:00:00,False
-0.8383835907746974,2021-10-28 18:00:00,False
-0.4817812874399101,2021-10-29 00:00:00,False
0.0,2021-10-29 06:00:00,False
-0.46651442238447016,2021-10-29 12:00:00,False
-0.9863310687109512,2021-10-29 18:00:00,False
-0.3513486421263178,2021-10-30 00:00:00,False
0.0,2021-10-30 06:00:00,False
-0.4630061891472207,2021-10-30 12:00:00,False
-0.9747951287100929,2021-10-30 18:00:00,False
-0.4471009685519086,2021-10-31 00:00:00,False
0.0,2021-10-31 06:00:00,False
-0.5295368014261835,2021-10-31 12:00:00,False
-0.8280583516769284,2021-10-31 18:00:00,True
-0.5116815998254756,2021-11-01 00:00:00,False
0.0,2021-11-01 06:00:00,False
,2021-11-01 12:00:00,False
-0.9152323777776504,2021-11-01 18:00:00,False
-0.5555213240045601,2021-11-02 00:00:00,False
0.0,2021-11-02 06:00:00,False
-0.5657072582909971,2021-11-02 12:00:00,False
-0.8373989905259729,2021-11-02 18:00:00,False
0.47437429612701276,2021-11-03 00:00:00,True
0.0,2021-11-03 06:00:00,False
-0.5281930374975862,2021-11-03 12:00:00,False
-1.012682924641317,2021-11-03 18:00:00,False
-0.44597900994237477,2021-11-04 00:00:00,False
0.0,2021-11-04 06:00:00,False
-0.44248271212300844,2021-11-04 12:00:00,False
-0.8188868693039841,2021-11-04 18:00:00,False
,2021-11-05 00:00:00,False
0.0,2021-11-05 06:00:00,False
-0.542860098669171,2021-11-05 12:00:00,False
-1.320323139337029,2021-11-05 18:00:00,False
-0.5076170155838489,2021-11-06 00:00:00,False
0.0,2021-11-06 06:00:00,False
-0.5582857520839559,2021-11-06 12:00:00,False
-1.0339973687306345,2021-11-06 18:00:00,False
-0.48309304713519713,2021-11-07 00:00:00,False
0.0,2021-11-07 06:00:00,False
,2021-11-07 12:00:00,False
-0.9243915723422662,2021-11-07 18:00:00,False
-0.4860333094470535,2021-11-08 00:00:00,False
0.0,2021-11-08 06:00:00,False
-0.5549001072122439,2021-11-08 12:00:00,False
-1.0190276004600902,2021-11-08 18:00:00,False
0.9816800161359733,2021-11-09 00:00:00,True
0.0,2021-11-09 06:00:00,False
-0.5198582720074902,2021-11-09 12:00:00,False
-0.9073768523078863,2021-11-09 18:00:00,False
-0.41165684219982046,2021-11-10 00:00:00,False
0.0,2021-11-10 06:00:00,False
-0.4763661582950541,2021-11-10 12:00:00,False
-0.9791544060233227,2021-11-10 18:00:00,False
-0.5997078662600107,2021-11-11 00:00:00,False
0.0,2021-11-11 06:00:00,False
-0.5250333370108453,2021-11-11 12:00:00,False
-0.8819636120562814,2021-11-11 18:00:00,False
-0.5089246775098534,2021-11-12 00:00:00,False
0.0,2021-11-12 06:00:00,False
-0.5396609392148947,2021-11-12 12:00:00,False
-1.0465783364184653,2021-11-12 18:00:00,False
-0.4893820569309856,2021-11-13 00:00:00,False
0.0,2021-11-13 06:00:00,False
-0.4632956207290473,2021-11-13 12:00:00,False
-1.0373273057848238,2021-11-13 18:00:00,False
,2021-11-14 00:00:00,False
0.35163153274949255,2021-11-14 06:00:00,True
-0.5122893725765404,2021-11-14 12:00:00,False
,2021-11-14 18:00:00,False
-0.5326185856208929,2021-11-15 00:00:00,False
0.7297508184324033,2021-11-15 06:00:00,True
-0.5140297452678381,2021-11-15 12:00:00,False
-1.1431122134676062,2021-11-15 18:00:00,False
-0.5843019541061905,2021-11-16 00:00:00,False
0.0,2021-11-16 06:00:00,False
-0.5647447487308581,2021-11-16 12:00:00,False
-1.0799496800286732,2021-11-16 18:00:00,False
-0.5103588938021127,2021-11-17 00:00:00,False
0.0,2021-11-17 06:00:00,False
-0.46216867796613303,2021-11-17 12:00:00,False
-0.9971895049686997,2021-11-17 18:00:00,False
-0.5717861949509362,2021-11-18 00:00:00,False
0.0,2021-11-18 06:00:00,False
-0.47488960909228045,2021-11-18 12:00:00,False
,2021-11-18 18:00:00,False
-0.6012161209174244,2021-11-19 00:00:00,False
0.0,2021-11-19 06:00:00,False
-0.4551758367203892,2021-11-19 12:00:00,False
-0.8431969373768813,2021-11-19 18:00:00,False
-0.4248366779383775,2021-11-20 00:00:00,False
0.0,2021-11-20 06:00:00,False
,2021-11-20 12:00:00,False
-0.9552036649868534,2021-11-20 18:00:00,False
-0.44879840417158035,2021-11-21 00:00:00,False
0.0,2021-11-21 06:00:00,False
-0.5120998978647092,2021-11-21 12:00:00,False
-1.04243070616736,2021-11-21 18:00:00,False
-0.4651767814399708,2021-11-22 00:00:00,False
0.0,2021-11-22 06:00:00,False
-0.16749100061638345,2021-11-22 12:00:00,True
-0.9549640903548012,2021-11-22 18:00:00,False
-0.46048164998975205,2021-11-23 00:00:00,False
0.0,2021-11-23 06:00:00,False
-0.5133482204791251,2021-11-23 12:00:00,False
-1.0783735525868734,2021-11-23 18:00:00,False
-0.5495802945781385,2021-11-24 00:00:00,False
0.0,2021-11-24 06:00:00,False
-0.4882749547757928,2021-11-24 12:00:00,False
-0.8522621562635369,2021-11-24 18:00:00,False
-0.49698744409726964,2021-11-25 00:00:00,False
0.0,2021-11-25 06:00:00,False
-0.5412672350094875,2021-11-25 12:00:00,False
-0.969067095687818,2021-11-25 18:00:00,False
-0.5723510418829837,2021-11-26 00:00:00,False
0.0,2021-11-26 06:00:00,False
-0.46170744972171296,2021-11-26 12:00:00,False
-1.078363769641499,2021-11-26 18:00:00,False
-0.5246942065081887,2021-11-27 00:00:00,False
0.0,2021-11-27 06:00:00,False
-0.4726092795370044,2021-11-27 12:00:00,False
-1.089364965587396,2021-11-27 18:00:00,False
-0.5181845432426354,2021-11-28 00:00:00,False
0.0,2021-11-28 06:00:00,False
-0.5437978832375268,2021-11-28 12:00:00,False
-0.9383115060262744,2021-11-28 18:00:00,False
-0.5214410551343398,2021-11-29 00:00:00,False
0.0,2021-11-29 06:00:00,False
-0.5373100269214697,2021-11-29 12:00:00,False
-0.8685384282428552,2021-11-29 18:00:00,False
-0.5459425485350933,2021-11-30 00:00:00,False
0.0,2021-11-30 06:00:00,False
-0.505889260618753,2021-11-30 12:00:00,False
-1.0081084840440224,2021-11-30 18:00:00,False
-0.5002061140394821,2021-12-01 00:00:00,False
0.0,2021-12-01 06:00:00,False
-0.48966131723791884,2021-12-01 12:00:00,False
-1.093373050747334,2021-12-01 18:00:00,False
-0.48626141598739686,2021-12-02 00:00:00,False
0.0,2021-12-02 06:00:00,False
-0.5558607475858128,2021-12-02 12:00:00,False
-1.1014238272219823,2021-12-02 18:00:00,False
-0.46759674252578537,2021-12-03 00:00:00,False
0.0,2021-12-03 06:00:00,False
-0.5108742503929096,2021-12-03 12:00:00,False
-0.9811085996000245,2021-12-03 18:00:00,False
,2021-12-04 00:00:00,False
0.0,2021-12-04 06:00:00,False
-0.5497612918513527,2021-12-04 12:00:00,False
-1.0130018552202673,2021-12-04 18:00:00,False
-0.45841659041777916,2021-12-05 00:00:00,False
0.0,2021-12-05 06:00:00,False
-0.5387331877419324,2021-12-05 12:00:00,False
-1.0511649283837106,2021-12-05 18:00:00,False
-0.4990875881008167,2021-12-06 00:00:00,False
0.0,2021-12-06 06:00:00,False
-0.5562469850048605,2021-12-06 12:00:00,False
-1.1957728158056633,2021-12-06 18:00:00,False
-0.5359825484819725,2021-12-07 00:00:00,False
0.0,2021-12-07 06:00:00,False
-0.4690315536583789,2021-12-07 12:00:00,False
-0.339946657036581,2021-12-07 18:00:00,True
-0.5549351580546396,2021-12-08 00:00:00,False
0.0,2021-12-08 06:00:00,False
-0.512225936226194,2021-12-08 12:00:00,False
-1.0274694626936935,2021-12-08 18:00:00,False
-0.4536781643608898,2021-12-09 00:00:00,False
0.0,2021-12-09 06:00:00,False
-0.08168922544058965,2021-12-09 12:00:00,True
-1.1150107524643018,2021-12-09 18:00:00,False
-0.507395175506145,2021-12-10 00:00:00,False
0.0,2021-12-10 06:00:00,False
-0.44260652530081324,2021-12-10 12:00:00,False
-0.8465300442587835,2021-12-10 18:00:00,False
-0.4119865166043833,2021-12-11 00:00:00,False
0.0,2021-12-11 06:00:00,False
-0.5573080499745491,2021-12-11 12:00:00,False
-1.0498633186941642,2021-12-11 18:00:00,False
-0.5050664962562862,2021-12-12 00:00:00,False
0.0,2021-12-12 06:00:00,False
-0.5238002760733318,2021-12-12 12:00:00,False
-1.1063428136146922,2021-12-12 18:00:00,False
-0.5308843042348512,2021-12-13 00:00:00,False
0.0,2021-12-13 06:00:00,False
-0.3894044896884126,2021-12-13 12:00:00,False
-0.9658181596569151,2021-12-13 18:00:00,False
-0.6120668495060883,2021-12-14 00:00:00,False
0.0,2021-12-14 06:00:00,False
-0.5218916668344976,2021-12-14 12:00:00,False
-0.9872520192757511,2021-12-14 18:00:00,False
-0.4565411641503077,2021-12-15 00:00:00,False
0.0,2021-12-15 06:00:00,False
-0.5706465334103951,2021-12-15 12:00:00,False
-0.987994526591797,2021-12-15 18:00:00,False
,2021-12-16 00:00:00,False
,2021-12-16 06:00:00,False
-0.49492283250388946,2021-12-16 12:00:00,False
-1.2029313164442472,2021-12-16 18:00:00,False
-0.4760811615362216,2021-12-17 00:00:00,False
0.0,2021-12-17 06:00:00,False
,2021-12-17 12:00:00,False
-1.1377098224992173,2021-12-17 18:00:00,False
-0.5724565078789955,2021-12-18 00:00:00,False
0.0,2021-12-18 06:00:00,False
-0.43904685314316666,2021-12-18 12:00:00,False
-0.8335626900393616,2021-12-18 18:00:00,False
-0.4804391652025519,2021-12-19 00:00:00,False
0.0,2021-12-19 06:00:00,False
-0.48220843240047295,2021-12-19 12:00:00,False
-1.0443587086137378,2021-12-19 18:00:00,False
-0.4614413191430131,2021-12-20 00:00:00,False
0.0,2021-12-20 06:00:00,False
0.06002709936352457,2021-12-20 12:00:00,True
-1.1269985573020764,2021-12-20 18:00:00,False
-0.5699009533263645,2021-12-21 00:00:00,False
-0.9108639601597062,2021-12-21 06:00:00,True
-0.47834144137524726,2021-12-21 12:00:00,False
0.856204851829516,2021-12-21 18:00:00,True
-0.5523693871609193,2021-12-22 00:00:00,False
0.0,2021-12-22 06:00:00,False
-0.47936382805318856,2021-12-22 12:00:00,False
-1.0352493368814195,2021-12-22 18:00:00,False
-0.44542680470984014,2021-12-23 00:00:00,False
0.0,2021-12-23 06:00:00,False
-0.5700441574703565,2021-12-23 12:00:00,False
-1.0644069727145813,2021-12-23 18:00:00,False
-0.4600238461783224,2021-12-24 00:00:00,False
,2021-12-24 06:00:00,False
-0.5191792335045077,2021-12-24 12:00:00,False
-1.0821216574087704,2021-12-24 18:00:00,False
-0.48907489618182975,2021-12-25 00:00:00,False
0.23510984141308144,2021-12-25 06:00:00,True
-0.4224011828929521,2021-12-25 12:00:00,False
-1.0086042548519183,2021-12-25 18:00:00,False
-0.5162065319932961,2021-12-26 00:00:00,False
0.0,2021-12-26 06:00:00,False
-0.3570811182380676,2021-12-26 12:00:00,False
-0.962859308641992,2021-12-26 18:00:00,False
-0.43271071196267014,2021-12-27 00:00:00,False
0.0,2021-12-27 06:00:00,False
-0.5016373011457386,2021-12-27 12:00:00,False
-0.9716721963873161,2021-12-27 18:00:00,False
-0.4640128997129123,2021-12-28 00:00:00,False
0.0,2021-12-28 06:00:00,False
-0.49309752683122554,2021-12-28 12:00:00,False
-0.8927264336868571,2021-12-28 18:00:00,False
-0.6166449699315217,2021-12-29 00:00:00,False
-0.1957681502942914,2021-12-29 06:00:00,True
-0.47174777308243454,2021-12-29 12:00:00,False
-0.8181923360384684,2021-12-29 18:00:00,False
,2021-12-30 00:00:00,False
0.0,2021-12-30 06:00:00,False
-0.4855728868927621,2021-12-30 12:00:00,False
-1.201182338802701,2021-12-30 18:00:00,False
-0.505035325846701,2021-12-31 00:00:00,False
0.0,2021-12-31 06:00:00,False
-0.526059695073729,2021-12-31 12:00:00,False
-1.1341279810198766,2021-12-31 18:00:00,False
0.0,2022-01-01 00:00:00,False
0.4616208742512703,2022-01-01 06:00:00,False
6.472146230084992e-17,2022-01-01 12:00:00,False
-0.5452626717538459,2022-01-01 18:00:00,False
0.12960422653496573,2022-01-02 00:00:00,True
0.4938799698407477,2022-01-02 06:00:00,False
6.201308582645844e-17,2022-01-02 12:00:00,False
-0.5132289604826736,2022-01-02 18:00:00,False
0.0,2022-01-03 00:00:00,False
0.4939633342263717,2022-01-03 06:00:00,False
4.894840176977698e-17,2022-01-03 12:00:00,False
-0.49962342177992686,2022-01-03 18:00:00,False
0.5521399770018733,2022-01-04 00:00:00,True
0.46043478950442585,2022-01-04 06:00:00,False
4.700697707893643e-17,2022-01-04 12:00:00,False
-0.5700854375693225,2022-01-04 18:00:00,False
0.0,2022-01-05 00:00:00,False
0.47183251186845093,2022-01-05 06:00:00,False
0.8766530178620457,2022-01-05 12:00:00,True
-0.45463397523504223,2022-01-05 18:00:00,False
0.0,2022-01-06 00:00:00,False
0.5012088857955227,2022-01-06 06:00:00,False
5.799607066170015e-17,2022-01-06 12:00:00,False
-0.5984290333075846,2022-01-06 18:00:00,False
0.0,2022-01-07 00:00:00,False
0.3907556136688034,2022-01-07 06:00:00,False
6.795424116957731e-17,2022-01-07 12:00:00,False
,2022-01-07 18:00:00,False
0.0,2022-01-08 00:00:00,False
0.4127283563337647,2022-01-08 06:00:00,False
5.928008167615386e-17,2022-01-08 12:00:00,False
-0.5454116793499657,2022-01-08 18:00:00,False
,2022-01-09 00:00:00,True
0.4014820011448901,2022-01-09 06:00:00,False
5.862049116408271e-17,2022-01-09 12:00:00,False
-0.5319605460574549,2022-01-09 18:00:00,False
0.0,2022-01-10 00:00:00,False
0.5217326924337664,2022-01-10 06:00:00,False
5.98930541992918e-17,2022-01-10 12:00:00,False
-0.4728765030101684,2022-01-10 18:00:00,False
0.0,2022-01-11 00:00:00,False
0.5055745183850399,2022-01-11 06:00:00,False
7.570829991395413e-17,2022-01-11 12:00:00,False
0.7774280186084153,2022-01-11 18:00:00,True
0.0,2022-01-12 00:00:00,False
0.5337851287986128,2022-01-12 06:00:00,False
6.058589200853024e-17,2022-01-12 12:00:00,False
-0.4056578268238628,2022-01-12 18:00:00,False
0.0,2022-01-13 00:00:00,False
0.5306769349070657,2022-01-13 06:00:00,False
5.609805591885761e-17,2022-01-13 12:00:00,False
-0.5162991188538928,2022-01-13 18:00:00,False
0.0,2022-01-14 00:00:00,False
0.4565349739449241,2022-01-14 06:00:00,False
4.924306128163547e-17,2022-01-14 12:00:00,False
-0.5401760522182855,2022-01-14 18:00:00,False
0.0,2022-01-15 00:00:00,False
0.518766842216603,2022-01-15 06:00:00,False
5.3142799245974096e-17,2022-01-15 12:00:00,False
-0.41658869635203716,2022-01-15 18:00:00,False
0.0,2022-01-16 00:00:00,False
0.4279209257601953,2022-01-16 06:00:00,False
5.620369970268119e-17,2022-01-16 12:00:00,False
-0.5189887336716934,2022-01-16 18:00:00,False
0.0,2022-01-17 00:00:00,False
0.547324330234988,2022-01-17 06:00:00,False
6.204684763368955e-17,2022-01-17 12:00:00,False
-0.49733125288359226,2022-01-17 18:00:00,False
0.0,2022-01-18 00:00:00,False
0.4627347977153531,2022-01-18 06:00:00,False
0.9079151266984331,2022-01-18 12:00:00,True
-0.4458773992385892,2022-01-18 18:00:00,False
0.0,2022-01-19 00:00:00,False
0.5217552421028292,2022-01-19 06:00:00,False
4.9799243888393176e-17,2022-01-19 12:00:00,False
-0.48379001570757907,2022-01-19 18:00:00,False
0.0,2022-01-20 00:00:00,False
0.5215261093912453,2022-01-20 06:00:00,False
6.641724950989839e-17,2022-01-20 12:00:00,False
-0.43364853482265886,2022-01-20 18:00:00,False
0.0,2022-01-21 00:00:00,False
0.540936418767028,2022-01-21 06:00:00,False
6.400638890055355e-17,2022-01-21 12:00:00,False
-0.5877703699640776,2022-01-21 18:00:00,False
0.0,2022-01-22 00:00:00,False
0.43553315937491266,2022-01-22 06:00:00,False
6.124321437044728e-17,2022-01-22 12:00:00,False
-0.555778557528784,2022-01-22 18:00:00,False
0.0,2022-01-23 00:00:00,False
0.5058660151741916,2022-01-23 06:00:00,False
5.641362232420819e-17,2022-01-23 12:00:00,False
,2022-01-23 18:00:00,False
0.0,2022-01-24 00:00:00,False
0.532715106608042,2022-01-24 06:00:00,False
6.192375328719349e-17,2022-01-24 12:00:00,False
-0.6548760401313265,2022-01-24 18:00:00,True
0.0,2022-01-25 00:00:00,False
0.4022247645905874,2022-01-25 06:00:00,False
6.509738268374785e-17,2022-01-25 12:00:00,False
-0.5655260055872963,2022-01-25 18:00:00,False
0.0,2022-01-26 00:00:00,False
0.52806536501142,2022-01-26 06:00:00,False
6.103369220589689e-17,2022-01-26 12:00:00,False
-0.5466462184659663,2022-01-26 18:00:00,False
0.0,2022-01-27 00:00:00,False
0.5184133088197723,2022-01-27 06:00:00,False
6.251408468321515e-17,2022-01-27 12:00:00,False
-0.5100398664169121,2022-01-27 18:00:00,False
,2022-01-28 00:00:00,True
0.4556742424197597,2022-01-28 06:00:00,False
5.3152573285789516e-17,2022-01-28 12:00:00,False
-0.5327414326548406,2022-01-28 18:00:00,False
0.0,2022-01-29 00:00:00,False
0.44682426130577446,2022-01-29 06:00:00,False
6.586009309528863e-17,2022-01-29 12:00:00,False
-0.5258267483017237,2022-01-29 18:00:00,False
,2022-01-30 00:00:00,False
0.5560553474482752,2022-01-30 06:00:00,False
5.60135789644039e-17,2022-01-30 12:00:00,False
-0.5794458591792131,2022-01-30 18:00:00,False
0.0,2022-01-31 00:00:00,False
0.5143247922719522,2022-01-31 06:00:00,False
0.3584560101848855,2022-01-31 12:00:00,True
0.22978613334357778,2022-01-31 18:00:00,True
,2022-02-01 00:00:00,False
0.4799483187596602,2022-02-01 06:00:00,False
5.6504639923734e-17,2022-02-01 12:00:00,False
-0.6208581644491915,2022-02-01 18:00:00,False
0.0,2022-02-02 00:00:00,False
0.46478514712700647,2022-02-02 06:00:00,False
-0.9135414961416677,2022-02-02 12:00:00,True
-0.4786992663002232,2022-02-02 18:00:00,False
0.0,2022-02-03 00:00:00,False
0.5037467377100441,2022-02-03 06:00:00,False
6.15164334809537e-17,2022-02-03 12:00:00,False
-0.488099710042314,2022-02-03 18:00:00,False
,2022-02-04 00:00:00,False
0.5768291442245892,2022-02-04 06:00:00,False
6.115006878357464e-17,2022-02-04 12:00:00,False
-0.5484470555591959,2022-02-04 18:00:00,False
-0.6761013300809697,2022-02-05 00:00:00,True
0.5437982734825682,2022-02-05 06:00:00,False
6.111387129805737e-17,2022-02-05 12:00:00,False
-0.4939096488477595,2022-02-05 18:00:00,False
0.0,2022-02-06 00:00:00,False
,2022-02-06 06:00:00,False
5.736073129958814e-17,2022-02-06 12:00:00,False
-0.5801573192624202,2022-02-06 18:00:00,False
0.0,2022-02-07 00:00:00,False
0.5189664617766666,2022-02-07 06:00:00,False
5.907043285661877e-17,2022-02-07 12:00:00,False
-0.5094801860784841,2022-02-07 18:00:00,False
0.0,2022-02-08 00:00:00,False
0.486693280597799,2022-02-08 06:00:00,False
6.873940197556576e-17,2022-02-08 12:00:00,False
-0.4652617770085269,2022-02-08 18:00:00,False
0.0,2022-02-09 00:00:00,False
0.5095128637618563,2022-02-09 06:00:00,False
5.911057016283771e-17,2022-02-09 12:00:00,False
-0.44522815382349146,2022-02-09 18:00:00,False
0.0,2022-02-10 00:00:00,False
0.5108387924782878,2022-02-10 06:00:00,False
6.122913606947167e-17,2022-02-10 12:00:00,False
-0.505297630127207,2022-02-10 18:00:00,False
0.0,2022-02-11 00:00:00,False
0.5292862555842885,2022-02-11 06:00:00,False
5.651701174836745e-17,2022-02-11 12:00:00,False
-0.5169136386014763,2022-02-11 18:00:00,False
0.0,2022-02-12 00:00:00,False
0.48720236375474846,2022-02-12 06:00:00,False
,2022-02-12 12:00:00,False
-0.5747740401963778,2022-02-12 18:00:00,False
0.0,2022-02-13 00:00:00,False
0.48840610312232857,2022-02-13 06:00:00,False
5.968575797040269e-17,2022-02-13 12:00:00,False
-0.4771547604971,2022-02-13 18:00:00,False
0.0,2022-02-14 00:00:00,False
-0.4801446239427525,2022-02-14 06:00:00,True
5.1672880827241733e-17,2022-02-14 12:00:00,False
-0.4709595248199087,2022-02-14 18:00:00,False
0.0,2022-02-15 00:00:00,False
0.4830597051400233,2022-02-15 06:00:00,False
5.396805620674216e-17,2022-02-15 12:00:00,False
-0.4752208742264298,2022-02-15 18:00:00,False
0.0,2022-02-16 00:00:00,False
0.43134100893990845,2022-02-16 06:00:00,False
6.07834312984099e-17,2022-02-16 12:00:00,False
-0.5179583628366213,2022-02-16 18:00:00,False
0.0,2022-02-17 00:00:00,False
0.6031590327648382,2022-02-17 06:00:00,False
7.107115220557498e-17,2022-02-17 12:00:00,False
-0.5258505687546386,2022-02-17 18:00:00,False
0.0,2022-02-18 00:00:00,False
0.38564174481554664,2022-02-18 06:00:00,False
4.979146935497548e-17,2022-02-18 12:00:00,False
-0.47080616448957624,2022-02-18 18:00:00,False
0.0,2022-02-19 00:00:00,False
0.523785304479086,2022-02-19 06:00:00,False
5.635434460204561e-17,2022-02-19 12:00:00,False
-0.5203466333694716,2022-02-19 18:00:00,False
0.0,2022-02-20 00:00:00,False
0.4772114053180595,2022-02-20 06:00:00,False
5.638998474386868e-17,2022-02-20 12:00:00,False
-0.4971677348694248,2022-02-20 18:00:00,False
0.0,2022-02-21 00:00:00,False
0.48396137171120407,2022-02-21 06:00:00,False
0.7309327167651798,2022-02-21 12:00:00,True
-0.4725507361650357,2022-02-21 18:00:00,False
0.0,2022-02-22 00:00:00,False
0.5599560189349762,2022-02-22 06:00:00,False
5.861194965377742e-17,2022-02-22 12:00:00,False
-0.5138629714197046,2022-02-22 18:00:00,False
0.0,2022-02-23 00:00:00,False
0.44902211670439696,2022-02-23 06:00:00,False
7.68902875422963e-17,2022-02-23 12:00:00,False
-0.4329195034774266,2022-02-23 18:00:00,False
0.0,2022-02-24 00:00:00,False
0.5304291583607889,2022-02-24 06:00:00,False
,2022-02-24 12:00:00,False
-0.4827127213071349,2022-02-24 18:00:00,False
0.0,2022-02-25 00:00:00,False
0.8020351269579535,2022-02-25 06:00:00,True
5.86012163105073e-17,2022-02-25 12:00:00,False
-0.4968607347110756,2022-02-25 18:00:00,False
0.0,2022-02-26 00:00:00,False
0.5002693142162697,2022-02-26 06:00:00,False
,2022-02-26 12:00:00,False
-0.5584230435108261,2022-02-26 18:00:00,False
0.5329838326169343,2022-02-27 00:00:00,True
0.4577020886810753,2022-02-27 06:00:00,False
5.661570915471005e-17,2022-02-27 12:00:00,False
-0.47535093614519697,2022-02-27 18:00:00,False
0.0,2022-02-28 00:00:00,False
-0.7193918921606426,2022-02-28 06:00:00,True
7.095823403218484e-17,2022-02-28 12:00:00,False
-0.47490907441867863,2022-02-28 18:00:00,False
0.0,2022-03-01 00:00:00,False
0.5724294523415305,2022-03-01 06:00:00,False
6.205745384738263e-17,2022-03-01 12:00:00,False
-0.44607933476791783,2022-03-01 18:00:00,False
0.0,2022-03-02 00:00:00,False
0.521647331691151,2022-03-02 06:00:00,False
6.586567702708607e-17,2022-03-02 12:00:00,False
-0.5039350633309828,2022-03-02 18:00:00,False
0.0,2022-03-03 00:00:00,False
0.3960365582809196,2022-03-03 06:00:00,False
6.014590240744916e-17,2022-03-03 12:00:00,False
-0.5024752898137086,2022-03-03 18:00:00,False
-0.3794787889768074,2022-03-04 00:00:00,True
0.509291156954496,2022-03-04 06:00:00,False
,2022-03-04 12:00:00,False
-0.5149228017755867,2022-03-04 18:00:00,False
0.0,2022-03-05 00:00:00,False
0.5080655276732948,2022-03-05 06:00:00,False
7.046900153358972e-17,2022-03-05 12:00:00,False
-0.5128111536459572,2022-03-05 18:00:00,False
0.0,2022-03-06 00:00:00,False
0.5679501016632267,2022-03-06 06:00:00,False
6.853621209829396e-17,2022-03-06 12:00:00,False
-0.4748291611845469,2022-03-06 18:00:00,False
0.0,2022-03-07 00:00:00,False
0.3812230184037294,2022-03-07 06:00:00,False
5.135960791895473e-17,2022-03-07 12:00:00,False
-0.4419814507901445,2022-03-07 18:00:00,False
0.0,2022-03-08 00:00:00,False
0.4978034911085472,2022-03-08 06:00:00,False
6.94589608948114e-17,2022-03-08 12:00:00,False
0.05006722955829623,2022-03-08 18:00:00,True
0.0,2022-03-09 00:00:00,False
0.43210395336111646,2022-03-09 06:00:00,False
6.751424678560109e-17,2022-03-09 12:00:00,False
0.21150127069685465,2022-03-09 18:00:00,True
0.42259844694598936,2022-03-10 00:00:00,True
0.5286293230299097,2022-03-10 06:00:00,False
6.014182823533754e-17,2022-03-10 12:00:00,False
-0.5993127922009681,2022-03-10 18:00:00,False
0.0,2022-03-11 00:00:00,False
,2022-03-11 06:00:00,False
6.663529634185005e-17,2022-03-11 12:00:00,False
-0.4775775298469483,2022-03-11 18:00:00,False
0.0,2022-03-12 00:00:00,False
0.49507588125989427,2022-03-12 06:00:00,False
,2022-03-12 12:00:00,False
-0.506552549688314,2022-03-12 18:00:00,False
0.0,2022-03-13 00:00:00,False
0.4987343616146077,2022-03-13 06:00:00,False
7.090428569996085e-17,2022-03-13 12:00:00,False
-0.5063729412370908,2022-03-13 18:00:00,False
0.0,2022-03-14 00:00:00,False
0.46811429441566077,2022-03-14 06:00:00,False
5.778579966740426e-17,2022-03-14 12:00:00,False
-0.44784830961297195,2022-03-14 18:00:00,False
0.0,2022-03-15 00:00:00,False
0.5027207733737021,2022-03-15 06:00:00,False
7.182440425678908e-17,2022-03-15 12:00:00,False
-0.4771752048132071,2022-03-15 18:00:00,False
0.0,2022-03-16 00:00:00,False
0.527505796271477,2022-03-16 06:00:00,False
6.955411331891565e-17,2022-03-16 12:00:00,False
-0.490780007276041,2022-03-16 18:00:00,False
0.0,2022-03-17 00:00:00,False
0.5562270815732381,2022-03-17 06:00:00,False
5.98275430066497e-17,2022-03-17 12:00:00,False
-0.5469762282374504,2022-03-17 18:00:00,False
0.0,2022-03-18 00:00:00,False
0.42689255282870053,2022-03-18 06:00:00,False
6.000573032750897e-17,2022-03-18 12:00:00,False
-0.579095886566442,2022-03-18 18:00:00,False
0.0,2022-03-19 00:00:00,False
0.5689296997750333,2022-03-19 06:00:00,False
4.8907106908862624e-17,2022-03-19 12:00:00,False
,2022-03-19 18:00:00,True
0.0,2022-03-20 00:00:00,False
0.4974272414127497,2022-03-20 06:00:00,False
5.855061163964995e-17,2022-03-20 12:00:00,False
-0.41460074140117986,2022-03-20 18:00:00,False
0.0,2022-03-21 00:00:00,False
0.4303563965487135,2022-03-21 06:00:00,False
7.06295543028417e-17,2022-03-21 12:00:00,False
-0.5095322041597661,2022-03-21 18:00:00,False
0.0,2022-03-22 00:00:00,False
0.4876155696012088,2022-03-22 06:00:00,False
7.061934259201912e-17,2022-03-22 12:00:00,False
-0.5172298523273835,2022-03-22 18:00:00,False
0.0,2022-03-23 00:00:00,False
,2022-03-23 06:00:00,False
,2022-03-23 12:00:00,False
-0.6063691189579798,2022-03-23 18:00:00,False
0.0,2022-03-24 00:00:00,False
0.5435527201305165,2022-03-24 06:00:00,False
6.599587199013277e-17,2022-03-24 12:00:00,False
-0.6057055204833548,2022-03-24 18:00:00,False
0.0,2022-03-25 00:00:00,False
0.5311462440529897,2022-03-25 06:00:00,False
6.24723126836338e-17,2022-03-25 12:00:00,False
-0.41132196350347594,2022-03-25 18:00:00,False
0.0,2022-03-26 00:00:00,False
0.527385566464914,2022-03-26 06:00:00,False
6.473286707378284e-17,2022-03-26 12:00:00,False
-0.5369245631124053,2022-03-26 18:00:00,False
0.0,2022-03-27 00:00:00,False
0.5106276349337147,2022-03-27 06:00:00,False
,2022-03-27 12:00:00,False
-0.4628234108923566,2022-03-27 18:00:00,False
0.0,2022-03-28 00:00:00,False
0.5400812533541064,2022-03-28 06:00:00,False
5.768623633012768e-17,2022-03-28 12:00:00,False
-0.5226420031769256,2022-03-28 18:00:00,False
0.0,2022-03-29 00:00:00,False
0.5052334186281747,2022-03-29 06:00:00,False
6.512656045384719e-17,2022-03-29 12:00:00,False
-0.44673975857985865,2022-03-29 18:00:00,False
0.0,2022-03-30 00:00:00,False
0.5016232799492122,2022-03-30 06:00:00,False
4.82225574105507e-17,2022-03-30 12:00:00,False
,2022-03-30 18:00:00,True
,2022-03-31 00:00:00,False
0.49597382922514005,2022-03-31 06:00:00,False
7.67675830733066e-17,2022-03-31 12:00:00,False
-0.48044767881596423,2022-03-31 18:00:00,False
0.5284950454385081,2022-04-01 00:00:00,False
1.064045738911989,2022-04-01 06:00:00,False
0.07728243734825524,2022-04-01 12:00:00,True
0.0,2022-04-01 18:00:00,False
0.4956164434624008,2022-04-02 00:00:00,False
0.9970858717263958,2022-04-02 06:00:00,False
0.5288031493590812,2022-04-02 12:00:00,False
0.0,2022-04-02 18:00:00,False
0.5583891171627461,2022-04-03 00:00:00,False
1.143173093494121,2022-04-03 06:00:00,False
0.5516841691020411,2022-04-03 12:00:00,False
,2022-04-03 18:00:00,False
0.5081458315324603,2022-04-04 00:00:00,False
1.1083422435567785,2022-04-04 06:00:00,False
0.5153189403123094,2022-04-04 12:00:00,False
0.0,2022-04-04 18:00:00,False
0.4308294494924402,2022-04-05 00:00:00,False
0.8903666413007182,2022-04-05 06:00:00,False
,2022-04-05 12:00:00,False
0.0,2022-04-05 18:00:00,False
0.5009976813150779,2022-04-06 00:00:00,False
1.1678242662104055,2022-04-06 06:00:00,False
0.4894198433721172,2022-04-06 12:00:00,False
,2022-04-06 18:00:00,False
0.5575961024404739,2022-04-07 00:00:00,False
0.965960915360337,2022-04-07 06:00:00,False
0.45071908769499597,2022-04-07 12:00:00,False
,2022-04-07 18:00:00,False
0.5738440192565801,2022-04-08 00:00:00,False
1.148309330254169,2022-04-08 06:00:00,False
0.4362390161764776,2022-04-08 12:00:00,False
0.0,2022-04-08 18:00:00,False
0.4899527470928228,2022-04-09 00:00:00,False
0.8948840808239353,2022-04-09 06:00:00,False
0.5446674914676696,2022-04-09 12:00:00,False
0.0,2022-04-09 18:00:00,False
0.49039251322101984,2022-04-10 00:00:00,False
0.9713217338419707,2022-04-10 06:00:00,False
0.5213032844517368,2022-04-10 12:00:00,False
0.0,2022-04-10 18:00:00,False
0.5288602841354745,2022-04-11 00:00:00,False
1.0829578276060037,2022-04-11 06:00:00,False
0.5495892964155225,2022-04-11 12:00:00,False
0.0,2022-04-11 18:00:00,False
0.5346629581602165,2022-04-12 00:00:00,False
0.9496774385694063,2022-04-12 06:00:00,False
0.503010793887166,2022-04-12 12:00:00,False
-0.2773228504824239,2022-04-12 18:00:00,True
0.27429034851421297,2022-04-13 00:00:00,True
0.9082969872878961,2022-04-13 06:00:00,False
0.5496007385291964,2022-04-13 12:00:00,False
0.0,2022-04-13 18:00:00,False
-0.5135468050226757,2022-04-14 00:00:00,True
1.039121405707825,2022-04-14 06:00:00,False
0.5400615203826902,2022-04-14 12:00:00,False
0.0,2022-04-14 18:00:00,False
0.5541337426979475,2022-04-15 00:00:00,False
1.038403935421371,2022-04-15 06:00:00,False
0.5011535355532124,2022-04-15 12:00:00,False
0.0,2022-04-15 18:00:00,False
0.4610177648510198,2022-04-16 00:00:00,False
1.0760545608206553,2022-04-16 06:00:00,False
0.48505984893074644,2022-04-16 12:00:00,False
,2022-04-16 18:00:00,False
0.48279580527892874,2022-04-17 00:00:00,False
0.9771941604711759,2022-04-17 06:00:00,False
0.38360185595094964,2022-04-17 12:00:00,False
0.0,2022-04-17 18:00:00,False
0.5100911838795918,2022-04-18 00:00:00,False
1.065890166448234,2022-04-18 06:00:00,False
0.5033493637917449,2022-04-18 12:00:00,False
,2022-04-18 18:00:00,False
0.428991738248887,2022-04-19 00:00:00,False
0.9987618146565526,2022-04-19 06:00:00,False
-0.732271156945677,2022-04-19 12:00:00,True
0.0,2022-04-19 18:00:00,False
0.5364996201287501,2022-04-20 00:00:00,False
1.043115645550274,2022-04-20 06:00:00,False
0.5024611593789732,2022-04-20 12:00:00,False
0.0,2022-04-20 18:00:00,False
0.48203670694101136,2022-04-21 00:00:00,False
0.8878404658686652,2022-04-21 06:00:00,False
0.5185248516636425,2022-04-21 12:00:00,False
,2022-04-21 18:00:00,False
0.5078801351103737,2022-04-22 00:00:00,False
1.039105611095219,2022-04-22 06:00:00,False
0.5655622148017084,2022-04-22 12:00:00,False
0.0,2022-04-22 18:00:00,False
0.5134502612874166,2022-04-23 00:00:00,False
0.6782097974109114,2022-04-23 06:00:00,True
0.5082250278165772,2022-04-23 12:00:00,False
0.0,2022-04-23 18:00:00,False
0.5248721291577794,2022-04-24 00:00:00,False
0.998231331784771,2022-04-24 06:00:00,False
0.47257178198620853,2022-04-24 12:00:00,False
0.0,2022-04-24 18:00:00,False
0.469659736970092,2022-04-25 00:00:00,False
0.882143122658599,2022-04-25 06:00:00,False
0.5716615776682908,2022-04-25 12:00:00,False
0.0,2022-04-25 18:00:00,False
0.5077029940088362,2022-04-26 00:00:00,False
1.0115981599864305,2022-04-26 06:00:00,False
0.5244056362550542,2022-04-26 12:00:00,False
0.0,2022-04-26 18:00:00,False
0.4754342999661566,2022-04-27 00:00:00,False
1.1057249614416491,2022-04-27 06:00:00,False
0.5473092122719792,2022-04-27 12:00:00,False
0.0,2022-04-27 18:00:00,False
0.4185901763958031,2022-04-28 00:00:00,False
0.8744962652452976,2022-04-28 06:00:00,False
0.6013041067420489,2022-04-28 12:00:00,False
0.0,2022-04-28 18:00:00,False
-0.7064147718644187,2022-04-29 00:00:00,True
0.9307243063894535,2022-04-29 06:00:00,False
-0.9729319605556277,2022-04-29 12:00:00,True
0.0,2022-04-29 18:00:00,False
0.5066899707543477,2022-04-30 00:00:00,False
1.0193215231585042,2022-04-30 06:00:00,False
0.43518258502853685,2022-04-30 12:00:00,False
0.0,2022-04-30 18:00:00,False
0.49900282809494706,2022-05-01 00:00:00,False
1.1906543582906257,2022-05-01 06:00:00,False
0.46870303285350556,2022-05-01 12:00:00,False
0.0,2022-05-01 18:00:00,False
0.5561238360367418,2022-05-02 00:00:00,False
1.0810869519623831,2022-05-02 06:00:00,False
0.48029599022590286,2022-05-02 12:00:00,False
0.0,2022-05-02 18:00:00,False
,2022-05-03 00:00:00,False
1.0422834477595568,2022-05-03 06:00:00,False
0.5847741181740738,2022-05-03 12:00:00,False
0.0,2022-05-03 18:00:00,False
0.4807530977797253,2022-05-04 00:00:00,False
0.8540095225052853,2022-05-04 06:00:00,False
,2022-05-04 12:00:00,False
0.0,2022-05-04 18:00:00,False
0.5493112837413221,2022-05-05 00:00:00,False
1.1200421190594083,2022-05-05 06:00:00,False
0.513496519059995,2022-05-05 12:00:00,False
,2022-05-05 18:00:00,False
0.5233448204377735,2022-05-06 00:00:00,False
0.9016413371252081,2022-05-06 06:00:00,False
0.44000920024137546,2022-05-06 12:00:00,False
0.0,2022-05-06 18:00:00,False
0.5681958961037937,2022-05-07 00:00:00,False
1.0130134324048723,2022-05-07 06:00:00,False
0.49525048355531653,2022-05-07 12:00:00,False
0.0,2022-05-07 18:00:00,False
0.552920353415115,2022-05-08 00:00:00,False
0.9415323103343857,2022-05-08 06:00:00,False
0.5293068194773829,2022-05-08 12:00:00,False
0.0,2022-05-08 18:00:00,False
0.4106248377979289,2022-05-09 00:00:00,False
0.9434324618542491,2022-05-09 06:00:00,False
0.4302128004802546,2022-05-09 12:00:00,False
0.0,2022-05-09 18:00:00,False
0.5308344821839787,2022-05-10 00:00:00,False
0.8942833827064396,2022-05-10 06:00:00,False
0.5953587181228494,2022-05-10 12:00:00,False
0.0,2022-05-10 18:00:00,False
0.5423326603768568,2022-05-11 00:00:00,False
0.9924431192569096,2022-05-11 06:00:00,False
0.5063997372718453,2022-05-11 12:00:00,False
0.0,2022-05-11 18:00:00,False
0.4707564801348962,2022-05-12 00:00:00,False
0.8690653495304235,2022-05-12 06:00:00,False
0.5694816995975105,2022-05-12 12:00:00,False
,2022-05-12 18:00:00,False
0.4069606907143083,2022-05-13 00:00:00,False
0.944500135986784,2022-05-13 06:00:00,False
0.46220725618273273,2022-05-13 12:00:00,False
0.0,2022-05-13 18:00:00,False
0.4768224735187828,2022-05-14 00:00:00,False
0.9657173891375004,2022-05-14 06:00:00,False
0.5320726127909815,2022-05-14 12:00:00,False
,2022-05-14 18:00:00,False
0.5136738410034568,2022-05-15 00:00:00,False
1.113097931937919,2022-05-15 06:00:00,False
0.5034889137286666,2022-05-15 12:00:00,False
0.0,2022-05-15 18:00:00,False
0.49178737067550915,2022-05-16 00:00:00,False
,2022-05-16 06:00:00,False
0.5015866954992838,2022-05-16 12:00:00,False
0.14836406190464024,2022-05-16 18:00:00,True
0.5562145602238301,2022-05-17 00:00:00,False
0.9796043654625373,2022-05-17 06:00:00,False
0.5887056008280676,2022-05-17 12:00:00,False
0.0,2022-05-17 18:00:00,False
0.48601054173063507,2022-05-18 00:00:00,False
0.8561509624020683,2022-05-18 06:00:00,False
0.4065685166317634,2022-05-18 12:00:00,False
0.0,2022-05-18 18:00:00,False
,2022-05-19 00:00:00,False
0.9967348115939398,2022-05-19 06:00:00,False
0.47736146809489777,2022-05-19 12:00:00,False
0.0,2022-05-19 18:00:00,False
0.5104207238546645,2022-05-20 00:00:00,False
0.9838366823968153,2022-05-20 06:00:00,False
0.49919587916470076,2022-05-20 12:00:00,False
0.0,2022-05-20 18:00:00,False
0.49385421164565746,2022-05-21 00:00:00,False
0.9767094085351862,2022-05-21 06:00:00,False
0.6041070275946933,2022-05-21 12:00:00,False
0.0,2022-05-21 18:00:00,False
0.46267340996087153,2022-05-22 00:00:00,False
0.8876023953233048,2022-05-22 06:00:00,False
0.46122903303129664,2022-05-22 12:00:00,False
0.0,2022-05-22 18:00:00,False
0.45310588292733356,2022-05-23 00:00:00,False
1.20257550470132,2022-05-23 06:00:00,False
0.4714422772448108,2022-05-23 12:00:00,False
0.0,2022-05-23 18:00:00,False
0.5588882368017577,2022-05-24 00:00:00,False
0.9767397289227634,2022-05-24 06:00:00,False
0.527036664975445,2022-05-24 12:00:00,False
0.0,2022-05-24 18:00:00,False
0.5924626230090236,2022-05-25 00:00:00,False
1.1510250516270732,2022-05-25 06:00:00,False
0.4722402941141863,2022-05-25 12:00:00,False
0.0,2022-05-25 18:00:00,False
0.4845251786423337,2022-05-26 00:00:00,False
1.0802397568112283,2022-05-26 06:00:00,False
0.6277047936937826,2022-05-26 12:00:00,False
0.0,2022-05-26 18:00:00,False
0.6014777306974561,2022-05-27 00:00:00,False
