Timestamp,Value
2012-06-04,0.5146
2012-06-05,0.514
2012-06-06,0.5357
2012-06-07,0.5558
2012-06-08,0.5381
2012-06-09,0.5492
2012-06-10,0.5
2012-06-11,0.5083
2012-06-12,0.5
2012-06-13,0.5221
2012-06-14,0.524
2012-06-15,0.5222
2012-06-16,0.5266
2012-06-17,0.512
2012-06-18,0.5
2012-06-19,0.5
2012-06-20,0.5173
2012-06-21,0.5464
2012-06-22,0.5053
2012-06-23,0.5318
2012-06-24,0.5
2012-06-25,0.5
2012-06-26,0.5
2012-06-27,0.5059
2012-06-28,0.523
2012-07-01,0.4828
2012-07-02,0.4828
2012-07-03,0.4828
2012-07-04,0.4928
2012-07-05,0.4828
2012-07-06,0.4828
2012-07-07,0.4828
2012-07-08,0.4828
2012-07-09,0.4828
2012-07-10,0.4904
2012-07-11,0.5275
2012-07-12,0.4956
2012-07-13,0.5023
2012-07-14,0.4895
2012-07-15,0.4828
2012-07-16,0.4828
2012-07-17,0.4828
2012-07-18,0.5061
2012-07-19,0.4951
2012-07-20,0.4953
2012-07-21,0.4828
2012-07-22,0.4828
2012-07-23,0.4828
2012-07-24,0.4828
2012-07-25,0.5054
2012-07-26,0.4989
2012-07-27,0.4828
2012-07-28,0.4828
2012-08-01,0.4973
2012-08-02,0.5316
2012-08-03,0.4877
2012-08-04,0.539
2012-08-05,0.4828
2012-08-06,0.4828
2012-08-07,0.4828
2012-08-08,0.4862
2012-08-09,0.5
2012-08-10,0.5041
2012-08-11,0.4972
2012-08-12,0.4551
2012-08-13,0.4551
2012-08-14,0.4551
2012-08-15,0.4551
2012-08-16,0.4728
2012-08-17,0.4567
2012-08-18,0.456
2012-08-19,0.4551
2012-08-20,0.4551
2012-08-21,0.4551
2012-08-22,0.4551
2012-08-23,0.4767
2012-08-24,0.4733
2012-08-25,0.4784
2012-08-26,0.4551
2012-08-27,0.4551
2012-08-28,0.4551
2012-09-01,0.4675
2012-09-02,0.4551
2012-09-03,0.4551
2012-09-04,0.4551
2012-09-05,0.4551
2012-09-06,0.4788
2012-09-07,0.4551
2012-09-08,0.4551
2012-09-09,0.4551
2012-09-10,0.4551
2012-09-11,0.4551
2012-09-12,0.4551
2012-09-13,0.4551
2012-09-14,0.4551
2012-09-15,0.4551
2012-09-16,0.4551
2012-09-17,0.4551
2012-09-18,0.4551
2012-09-19,0.4551
2012-09-20,0.4551
2012-09-21,0.4551
2012-09-22,0.4551
2012-09-23,0.4551
2012-09-24,0.4551
2012-09-25,0.4551
2012-09-26,0.4551
2012-09-27,0.4551
2012-09-28,0.4551
2012-10-01,0.4273
2012-10-02,0.4273
2012-10-03,0.4273
2012-10-04,0.4273
2012-10-05,0.4273
2012-10-06,0.4273
2012-10-07,0.4273
2012-10-08,0.4273
2012-10-09,0.4273
2012-10-10,0.4273
2012-10-11,0.4273
2012-10-12,0.4273
2012-10-13,0.4273
2012-10-14,0.4273
2012-10-15,0.4273
2012-10-16,0.4273
2012-10-17,0.4273
2012-10-18,0.4273
2012-10-19,0.4273
2012-10-20,0.4273
2012-10-21,0.4273
2012-10-22,0.4273
2012-10-23,0.4273
2012-10-24,0.4273
2012-10-25,0.4273
2012-10-26,0.4273
2012-10-27,0.4273
2012-10-28,0.4273
2012-11-01,0.4273
2012-11-02,0.4273
2012-11-03,0.4273
2012-11-04,0.4273
2012-11-05,0.4273
2012-11-06,0.4273
2012-11-07,0.4273
2012-11-08,0.4273
2012-11-09,0.4273
2012-11-10,0.4273
2012-11-11,0.4134
2012-11-12,0.4134
2012-11-13,0.4134
2012-11-14,0.4134
2012-11-15,0.4134
2012-11-16,0.4134
2012-11-17,0.4134
2012-11-18,0.4134
2012-11-19,0.4134
2012-11-20,0.4134
2012-11-21,0.4134
2012-11-22,0.4134
2012-11-23,0.4134
2012-11-24,0.4134
2012-11-25,0.4134
2012-11-26,0.4134
2012-11-27,0.4134
2012-11-28,0.4134
2012-12-01,0.4134
2012-12-02,0.4134
2012-12-03,0.4134
2012-12-04,0.4134
2012-12-05,0.4134
2012-12-06,0.4134
2012-12-07,0.4134
2012-12-08,0.4134
2012-12-09,0.4134
2012-12-10,0.4134
2012-12-11,0.4134
2012-12-12,0.4134
2012-12-13,0.4134
2012-12-14,0.4134
2012-12-15,0.4134
2012-12-16,0.4134
2012-12-17,0.4134
2012-12-18,0.4134
2012-12-19,0.4134
2012-12-20,0.4134
2012-12-21,0.4134
2012-12-22,0.4134
2012-12-23,0.4134
2012-12-24,0.4134
2012-12-25,0.4134
2012-12-26,0.4134
2012-12-27,0.4134
2012-12-28,0.4134
2013-01-01,0.4134
2013-01-02,0.4134
2013-01-03,0.4134
2013-01-04,0.4134
2013-01-05,0.4134
2013-01-06,0.4134
2013-01-07,0.4134
2013-01-08,0.4134
2013-01-09,0.4134
2013-01-10,0.4134
2013-01-11,0.4134
2013-01-12,0.4134
2013-01-13,0.4134
2013-01-14,0.4134
2013-01-15,0.4134
2013-01-16,0.4134
2013-01-17,0.4134
2013-01-18,0.4134
2013-01-19,0.4134
2013-01-20,0.4134
2013-01-21,0.4134
2013-01-22,0.4134
2013-01-23,0.4134
2013-01-24,0.4134
2013-01-25,0.4134
2013-01-26,0.4134
2013-01-27,0.4134
2013-01-28,0.4134
2013-02-01,0.4134
2013-02-02,0.4134
2013-02-03,0.4134
2013-02-04,0.4134
2013-02-05,0.4134
2013-02-06,0.4134
2013-02-07,0.4134
2013-02-08,0.4134
2013-02-09,0.4134
2013-02-10,0.4134
2013-02-11,0.4134
2013-02-12,0.4134
2013-02-13,0.4134
2013-02-14,0.4134
2013-02-15,0.4134
2013-02-16,0.4134
2013-02-17,0.4134
2013-02-18,0.4134
2013-02-19,0.4134
2013-02-20,0.4134
2013-02-21,0.4134
2013-02-22,0.4134
2013-02-23,0.4134
2013-02-24,0.4134
2013-02-25,0.4134
2013-02-26,0.4134
2013-02-27,0.4134
2013-02-28,0.4134
2013-03-01,0.4134
2013-03-02,0.4134
2013-03-03,0.4134
2013-03-04,0.4134
2013-03-05,0.4134
2013-03-06,0.4134
2013-03-07,0.4134
2013-03-08,0.4134
2013-03-09,0.4134
2013-03-10,0.4134
2013-03-11,0.4134
2013-03-12,0.4134
2013-03-13,0.4134
2013-03-14,0.4134
2013-03-15,0.4134
2013-03-16,0.4134
2013-03-17,0.4134
2013-03-18,0.4134
2013-03-19,0.4134
2013-03-20,0.4134
2013-03-21,0.4134
2013-03-22,0.4134
2013-03-23,0.4134
2013-03-24,0.4134
2013-03-25,0.4134
2013-03-26,0.4134
2013-03-27,0.4134
2013-03-28,0.4134
2013-04-01,0.4134
2013-04-02,0.4134
2013-04-03,0.4134
2013-04-04,0.4134
2013-04-05,0.4134
2013-04-06,0.4134
2013-04-07,0.4134
2013-04-08,0.4134
2013-04-09,0.4134
2013-04-10,0.4134
2013-04-11,0.4134
2013-04-12,0.4134
2013-04-13,0.4134
2013-04-14,0.4134
2013-04-15,0.4134
2013-04-16,0.4134
2013-04-17,0.4134
2013-04-18,0.4134
2013-04-19,0.4134
2013-04-20,0.4134
2013-04-21,0.4134
2013-04-22,0.4134
2013-04-23,0.4134
2013-04-24,0.4134
2013-04-25,0.4134
2013-04-26,0.4134
2013-04-27,0.4134
2013-04-28,0.4134
2013-05-01,0.4134
2013-05-02,0.4134
2013-05-03,0.4134
2013-05-04,0.4134
2013-05-05,0.4134
2013-05-06,0.4134
2013-05-07,0.4134
2013-05-08,0.4134
2013-05-09,0.4134
2013-05-10,0.4134
2013-05-11,0.4134
2013-05-12,0.4134
2013-05-13,0.4134
2013-05-14,0.4134
2013-05-15,0.4134
2013-05-16,0.4134
2013-05-17,0.4134
2013-05-18,0.4273
2013-05-19,0.4273
2013-05-20,0.4273
2013-05-21,0.4273
2013-05-22,0.4273
2013-05-23,0.4273
2013-05-24,0.4273
2013-05-25,0.4273
2013-05-26,0.4273
2013-05-27,0.4273
2013-05-28,0.4273
2013-06-01,0.4273
2013-06-02,0.4273
2013-06-03,0.4273
2013-06-04,0.4273
2013-06-05,0.4273
2013-06-06,0.4273
2013-06-07,0.4273
2013-06-08,0.4273
2013-06-09,0.4273
2013-06-10,0.4273
2013-06-11,0.4273
2013-06-12,0.4273
2013-06-13,0.4273
2013-06-14,0.4273
2013-06-15,0.4273
2013-06-16,0.4273
2013-06-17,0.4273
2013-06-18,0.4273
2013-06-19,0.4273
2013-06-20,0.4273
2013-06-21,0.4273
2013-06-22,0.4273
2013-06-23,0.4273
2013-06-24,0.4273
2013-06-25,0.4273
2013-06-26,0.4273
2013-06-27,0.4273
2013-06-28,0.4273
2013-07-01,0.4551
2013-07-02,0.4551
2013-07-03,0.4551
2013-07-04,0.4551
2013-07-05,0.4551
2013-07-06,0.4551
2013-07-07,0.4551
2013-07-08,0.4551
2013-07-09,0.4551
2013-07-10,0.4551
2013-07-11,0.4551
2013-07-12,0.4551
2013-07-13,0.4551
2013-07-14,0.4551
2013-07-15,0.4551
2013-07-16,0.4551
2013-07-17,0.4551
2013-07-18,0.4551
2013-07-19,0.4551
2013-07-20,0.466
2013-07-21,0.4551
2013-07-22,0.4551
2013-07-23,0.4551
2013-07-24,0.4706
2013-07-25,0.4551
2013-07-26,0.4551
2013-07-27,0.4551
2013-07-28,0.4551
2013-08-01,0.4761
2013-08-02,0.4774
2013-08-03,0.4896
2013-08-04,0.4551
2013-08-05,0.4551
2013-08-06,0.4551
2013-08-07,0.4678
2013-08-08,0.4922
2013-08-09,0.4902
2013-08-10,0.493
2013-08-11,0.5036
2013-08-12,0.4828
2013-08-13,0.4828
2013-08-14,0.4912
2013-08-15,0.5067
2013-08-16,0.5058
2013-08-17,0.5378
2013-08-18,0.4828
2013-08-19,0.4828
2013-08-20,0.4828
2013-08-21,0.4846
2013-08-22,0.5103
2013-08-23,0.5057
2013-08-24,0.5317
2013-08-25,0.5048
2013-08-26,0.4828
2013-08-27,0.4828
2013-08-28,0.4828
2013-09-01,0.4828
2013-09-02,0.4828
2013-09-03,0.4828
2013-09-04,0.4972
2013-09-05,0.5157
2013-09-06,0.4955
2013-09-07,0.5303
2013-09-08,0.5028
2013-09-09,0.4828
2013-09-10,0.4828
2013-09-11,0.5038
2013-09-12,0.5203
2013-09-13,0.5371
2013-09-14,0.5374
2013-09-15,0.5094
2013-09-16,0.4828
2013-09-17,0.4828
2013-09-18,0.4999
2013-09-19,0.5341
2013-09-20,0.5327
2013-09-21,0.5537
2013-09-22,0.5053
2013-09-23,0.4828
2013-09-24,0.4828
2013-09-25,0.503
2013-09-26,0.5316
2013-09-27,0.5369
2013-09-28,0.52
2013-10-01,0.5079
2013-10-02,0.5516
2013-10-03,0.5506
2013-10-04,0.5391
2013-10-05,0.5086
2013-10-06,0.5177
2013-10-07,0.5
2013-10-08,0.5232
2013-10-09,0.5514
2013-10-10,0.516
2013-10-11,0.5434
2013-10-12,0.5285
2013-10-13,0.5037
2013-10-14,0.5
2013-10-15,0.513
2013-10-16,0.5443
2013-10-17,0.5355
2013-10-18,0.5555
2013-10-19,0.5328
2013-10-20,0.5224
2013-10-21,0.5
2013-10-22,0.5172
2013-10-23,0.5544
2013-10-24,0.535
2013-10-25,0.5549
2013-10-26,0.556
2013-10-27,0.5158
2013-10-28,0.5
2013-11-01,0.5925
2013-11-02,0.5782
2013-11-03,0.585
2013-11-04,0.5594
2013-11-05,0.5536
2013-11-06,0.5881
2013-11-07,0.6064
2013-11-08,0.5871
2013-11-09,0.5863
2013-11-10,0.5696
2013-11-11,0.5505
2013-11-12,0.5455
2013-11-13,0.5691
2013-11-14,0.5875
2013-11-15,0.6165
2013-11-16,0.5837
2013-11-17,0.529
2013-11-18,0.5224
2013-11-19,0.5193
2013-11-20,0.5428
2013-11-21,0.563
2013-11-22,0.5768
2013-11-23,0.5769
2013-11-24,0.5194
2013-11-25,0.518
2013-11-26,0.5228
2013-11-27,0.5465
2013-11-28,0.5756
2013-12-01,0.5208
2013-12-02,0.5139
2013-12-03,0.5389
2013-12-04,0.5829
2013-12-05,0.5533
2013-12-06,0.5544
2013-12-07,0.556
2013-12-08,0.5243
2013-12-09,0.5
2013-12-10,0.5185
2013-12-11,0.5462
2013-12-12,0.5527
2013-12-13,0.5553
2013-12-14,0.5545
2013-12-15,0.5216
2013-12-16,0.5216
2013-12-17,0.5557
2013-12-18,0.5708
2013-12-19,0.5789
2013-12-20,0.5822
2013-12-21,0.5761
2013-12-22,0.5447
2013-12-23,0.5348
2013-12-24,0.5596
2013-12-25,0.6106
2013-12-26,0.5475
2013-12-27,0.5521
2013-12-28,0.5508
2014-01-01,0.5496
2014-01-02,0.5734
2014-01-03,0.577
2014-01-04,0.5495
2014-01-05,0.5257
2014-01-06,0.515
2014-01-07,0.5082
2014-01-08,0.5346
2014-01-09,0.5756
2014-01-10,0.567
2014-01-11,0.5721
2014-01-12,0.538
2014-01-13,0.5013
2014-01-14,0.5191
2014-01-15,0.5443
2014-01-16,0.5593
2014-01-17,0.5505
2014-01-18,0.5738
2014-01-19,0.5081
2014-01-20,0.5
2014-01-21,0.5088
2014-01-22,0.5337
2014-01-23,0.5728
2014-01-24,0.5486
2014-01-25,0.5625
2014-01-26,0.5764
2014-01-27,0.5482
2014-01-28,0.5377
2014-02-01,0.6132
2014-02-02,0.6104
2014-02-03,0.5792
2014-02-04,0.576
2014-02-05,0.603
2014-02-06,0.6155
2014-02-07,0.6131
2014-02-08,0.6137
2014-02-09,0.5936
2014-02-10,0.5846
2014-02-11,0.5785
2014-02-12,0.6056
2014-02-13,0.6088
2014-02-14,0.61
2014-02-15,0.6425
2014-02-16,0.5933
2014-02-17,0.5809
2014-02-18,0.5863
2014-02-19,0.6144
2014-02-20,0.6092
2014-02-21,0.6401
2014-02-22,0.6366
2014-02-23,0.5918
2014-02-24,0.5624
2014-02-25,0.5487
2014-02-26,0.5769
2014-02-27,0.64
2014-02-28,0.6321
2014-03-01,0.554
2014-03-02,0.554
2014-03-03,0.5589
2014-03-04,0.5241
2014-03-05,0.5027
2014-03-06,0.5
2014-03-07,0.5
2014-03-08,0.5
2014-03-09,0.5
2014-03-10,0.5012
2014-03-11,0.5
2014-03-12,0.5
2014-03-13,0.5
2014-03-14,0.5027
2014-03-15,0.5
2014-03-16,0.5
2014-03-17,0.5
2014-03-18,0.5
2014-03-19,0.5
2014-03-20,0.5
2014-03-21,0.5014
2014-03-22,0.5
2014-03-23,0.5
2014-03-24,0.5
2014-03-25,0.5007
2014-03-26,0.5
2014-03-27,0.5
2014-03-28,0.5
2014-04-01,0.5267
2014-04-02,0.554
2014-04-03,0.5813
2014-04-04,0.6085
2014-04-05,0.6164
2014-04-06,0.5779
2014-04-07,0.5872
2014-04-08,0.5537
2014-04-09,0.5821
2014-04-10,0.6075
2014-04-11,0.631
2014-04-12,0.6147
2014-04-13,0.6004
2014-04-14,0.5489
2014-04-15,0.5833
2014-04-16,0.6108
2014-04-17,0.6211
2014-04-18,0.6401
2014-04-19,0.5856
2014-04-20,0.5856
2014-04-21,0.5201
2014-04-22,0.5061
2014-04-23,0.5349
2014-04-24,0.5694
2014-04-25,0.5829
2014-04-26,0.5655
2014-04-27,0.5556
2014-04-28,0.5036
2014-05-01,0.5461
2014-05-02,0.5297
2014-05-03,0.5264
2014-05-04,0.5027
2014-05-05,0.5
2014-05-06,0.5
2014-05-07,0.5205
2014-05-08,0.5178
2014-05-09,0.5162
2014-05-10,0.5057
2014-05-11,0.5
2014-05-12,0.5
2014-05-13,0.5
2014-05-14,0.5036
2014-05-15,0.5106
2014-05-16,0.5114
2014-05-17,0.529
2014-05-18,0.5
2014-05-19,0.5
2014-05-20,0.5
2014-05-21,0.5269
2014-05-22,0.5667
2014-05-23,0.5691
2014-05-24,0.5481
2014-05-25,0.5532
2014-05-26,0.512
2014-05-27,0.5411
2014-05-28,0.58
2014-06-01,0.5607
2014-06-02,0.554
2014-06-03,0.5664
2014-06-04,0.5854
2014-06-05,0.6281
2014-06-06,0.6395
2014-06-07,0.6247
2014-06-08,0.5882
2014-06-09,0.5614
2014-06-10,0.5577
2014-06-11,0.5861
2014-06-12,0.6107
2014-06-13,0.6132
2014-06-14,0.6086
2014-06-15,0.5763
2014-06-16,0.5648
2014-06-17,0.5614
2014-06-18,0.5901
2014-06-19,0.6042
2014-06-20,0.6152
2014-06-21,0.6015
2014-06-22,0.5713
2014-06-23,0.5224
2014-06-24,0.532
2014-06-25,0.5606
2014-06-26,0.5897
2014-06-27,0.6166
2014-06-28,0.5861
2014-07-01,0.5467
2014-07-02,0.5857
2014-07-03,0.5805
2014-07-04,0.5701
2014-07-05,0.5867
2014-07-06,0.53
2014-07-07,0.5162
2014-07-08,0.5456
2014-07-09,0.5714
2014-07-10,0.5627
2014-07-11,0.5716
2014-07-12,0.565
2014-07-13,0.5562
2014-07-14,0.5042
2014-07-15,0.5223
2014-07-16,0.5675
2014-07-17,0.5721
2014-07-18,0.5661
2014-07-19,0.5607
2014-07-20,0.5554
2014-07-21,0.5279
2014-07-22,0.5564
2014-07-23,0.5859
2014-07-24,0.6027
2014-07-25,0.6088
2014-07-26,0.589
2014-07-27,0.5799
2014-07-28,0.5536
2014-08-01,0.6059
2014-08-02,0.6198
2014-08-03,0.6118
2014-08-04,0.5625
2014-08-05,0.5668
2014-08-06,0.5968
2014-08-07,0.6434
2014-08-08,0.6072
2014-08-09,0.6403
2014-08-10,0.5937
2014-08-11,0.5532
2014-08-12,0.55
2014-08-13,0.5783
2014-08-14,0.6431
2014-08-15,0.6103
2014-08-16,0.6211
2014-08-17,0.6069
2014-08-18,0.5545
2014-08-19,0.5663
2014-08-20,0.5853
2014-08-21,0.6273
2014-08-22,0.6391
2014-08-23,0.6212
2014-08-24,0.5917
2014-08-25,0.5561
2014-08-26,0.5598
2014-08-27,0.5884
2014-08-28,0.6112
2014-09-01,0.5605
2014-09-02,0.5531
2014-09-03,0.5815
2014-09-04,0.6416
2014-09-05,0.6258
2014-09-06,0.6141
2014-09-07,0.5864
2014-09-08,0.5829
2014-09-09,0.5641
2014-09-10,0.5935
2014-09-11,0.6369
2014-09-12,0.6346
2014-09-13,0.64
2014-09-14,0.596
2014-09-15,0.5566
2014-09-16,0.5696
2014-09-17,0.5887
2014-09-18,0.6323
2014-09-19,0.6139
2014-09-20,0.6078
2014-09-21,0.586
2014-09-22,0.5647
2014-09-23,0.5697
2014-09-24,0.5888
2014-09-25,0.6235
2014-09-26,0.6089
2014-09-27,0.6121
2014-09-28,0.576
2014-10-01,0.5877
2014-10-02,0.5983
2014-10-03,0.5853
2014-10-04,0.5943
2014-10-05,0.5627
2014-10-06,0.5251
2014-10-07,0.5535
2014-10-08,0.6117
2014-10-09,0.5883
2014-10-10,0.5901
2014-10-11,0.5857
2014-10-12,0.5519
2014-10-13,0.54
2014-10-14,0.569
2014-10-15,0.5963
2014-10-16,0.6
2014-10-17,0.5796
2014-10-18,0.5943
2014-10-19,0.5602
2014-10-20,0.5493
2014-10-21,0.569
2014-10-22,0.6083
2014-10-23,0.5975
2014-10-24,0.5942
2014-10-25,0.6131
2014-10-26,0.5707
2014-10-27,0.5267
2014-10-28,0.5552
2014-11-01,0.6043
2014-11-02,0.5932
2014-11-03,0.564
2014-11-04,0.5719
2014-11-05,0.6021
2014-11-06,0.642
2014-11-07,0.6413
2014-11-08,0.6043
2014-11-09,0.5876
2014-11-10,0.5634
2014-11-11,0.5545
2014-11-12,0.5828
2014-11-13,0.6404
2014-11-14,0.6396
2014-11-15,0.6421
2014-11-16,0.6024
2014-11-17,0.5629
2014-11-18,0.5672
2014-11-19,0.5971
2014-11-20,0.6327
2014-11-21,0.6087
2014-11-22,0.6072
2014-11-23,0.5936
2014-11-24,0.5697
2014-11-25,0.567
2014-11-26,0.597
2014-11-27,0.6359
2014-11-28,0.6171
2014-12-01,0.5485
2014-12-02,0.5681
2014-12-03,0.6
2014-12-04,0.5875
2014-12-05,0.6057
2014-12-06,0.5858
2014-12-07,0.5656
2014-12-08,0.5438
2014-12-09,0.574
2014-12-10,0.624
2014-12-11,0.6032
2014-12-12,0.5998
2014-12-13,0.6012
2014-12-14,0.5673
2014-12-15,0.5459
2014-12-16,0.5657
2014-12-17,0.604
2014-12-18,0.6091
2014-12-19,0.6029
2014-12-20,0.6253
2014-12-21,0.5733
2014-12-22,0.5563
2014-12-23,0.5871
2014-12-24,0.623
2014-12-25,0.5916
2014-12-26,0.5853
2014-12-27,0.5734
2014-12-28,0.5469
2015-01-01,0.6058
2015-01-02,0.5718
2015-01-03,0.5954
2015-01-04,0.5599
2015-01-05,0.5437
2015-01-06,0.5253
2015-01-07,0.5563
2015-01-08,0.5669
2015-01-09,0.5863
2015-01-10,0.5828
2015-01-11,0.5701
2015-01-12,0.5234
2015-01-13,0.5197
2015-01-14,0.5502
2015-01-15,0.5887
2015-01-16,0.582
2015-01-17,0.5968
2015-01-18,0.5733
2015-01-19,0.5417
2015-01-20,0.5345
2015-01-21,0.5659
2015-01-22,0.5794
2015-01-23,0.5882
2015-01-24,0.5908
2015-01-25,0.5635
2015-01-26,0.5579
2015-01-27,0.5549
2015-01-28,0.5856
2015-02-01,0.5882
2015-02-02,0.5835
2015-02-03,0.601
2015-02-04,0.623
2015-02-05,0.6644
2015-02-06,0.647
2015-02-07,0.6632
2015-02-08,0.6299
2015-02-09,0.5978
2015-02-10,0.584
2015-02-11,0.6154
2015-02-12,0.6317
2015-02-13,0.6603
2015-02-14,0.6342
2015-02-15,0.6202
2015-02-16,0.5939
2015-02-17,0.5678
2015-02-18,0.5678
2015-02-19,0.6057
2015-02-20,0.5895
2015-02-21,0.5866
2015-02-22,0.5732
2015-02-23,0.5465
2015-02-24,0.5557
2015-02-25,0.5886
2015-02-26,0.6218
2015-02-27,0.5911
2015-02-28,0.604
2015-03-01,0.5169
2015-03-02,0.5236
2015-03-03,0.5179
2015-03-04,0.5434
2015-03-05,0.5224
2015-03-06,0.5016
2015-03-07,0.5195
2015-03-08,0.5195
2015-03-09,0.5373
2015-03-10,0.5199
2015-03-11,0.5256
2015-03-12,0.5412
2015-03-13,0.5279
2015-03-14,0.5256
2015-03-15,0.5256
2015-03-16,0.5256
2015-03-17,0.5589
2015-03-18,0.5796
2015-03-19,0.6067
2015-03-20,0.5896
2015-03-21,0.6081
2015-03-22,0.6081
2015-03-23,0.6265
2015-03-24,0.5693
2015-03-25,0.5953
2015-03-26,0.5797
2015-03-27,0.566
2015-03-28,0.5664
2015-04-01,0.6302
2015-04-02,0.6641
2015-04-03,0.6862
2015-04-04,0.6462
2015-04-05,0.6271
2015-04-06,0.6082
2015-04-07,0.6031
2015-04-08,0.6378
2015-04-09,0.6669
2015-04-10,0.6388
2015-04-11,0.6635
2015-04-12,0.6327
2015-04-13,0.605
2015-04-14,0.6023
2015-04-15,0.6266
2015-04-16,0.6469
2015-04-17,0.6427
2015-04-18,0.6409
2015-04-19,0.615
2015-04-20,0.6064
2015-04-21,0.6018
2015-04-22,0.6018
2015-04-23,0.6317
2015-04-24,0.6111
2015-04-25,0.631
2015-04-26,0.6296
2015-04-27,0.543
2015-04-28,0.5655
2015-05-01,0.6079
2015-05-02,0.5724
2015-05-03,0.5444
2015-05-04,0.5444
2015-05-05,0.5792
2015-05-06,0.6111
2015-05-07,0.6097
2015-05-08,0.6291
2015-05-09,0.6066
2015-05-10,0.5713
2015-05-11,0.5443
2015-05-12,0.579
2015-05-13,0.6121
2015-05-14,0.5699
2015-05-15,0.5956
2015-05-16,0.572
2015-05-17,0.5702
2015-05-18,0.5519
2015-05-19,0.587
2015-05-20,0.63
2015-05-21,0.6271
2015-05-22,0.6501
2015-05-23,0.6487
2015-05-24,0.6146
2015-05-25,0.5802
2015-05-26,0.605
2015-05-27,0.6299
2015-05-28,0.6318
2015-06-01,0.6159
2015-06-02,0.6513
2015-06-03,0.6767
2015-06-04,0.7067
2015-06-05,0.6647
2015-06-06,0.6947
2015-06-07,0.6582
2015-06-08,0.6345
2015-06-09,0.6233
2015-06-10,0.6596
2015-06-11,0.6836
2015-06-12,0.6779
2015-06-13,0.7149
2015-06-14,0.6481
2015-06-15,0.6306
2015-06-16,0.6237
2015-06-17,0.66
2015-06-18,0.6887
2015-06-19,0.6929
2015-06-20,0.6836
2015-06-21,0.6525
2015-06-22,0.6361
2015-06-23,0.637
2015-06-24,0.664
2015-06-25,0.702
2015-06-26,0.6815
2015-06-27,0.6932
2015-06-28,0.6661
2015-07-01,0.6822
2015-07-02,0.6651
2015-07-03,0.6702
2015-07-04,0.6638
2015-07-05,0.6573
2015-07-06,0.6422
2015-07-07,0.6694
2015-07-08,0.7199
2015-07-09,0.7105
2015-07-10,0.6602
2015-07-11,0.6963
2015-07-12,0.6846
2015-07-13,0.6417
2015-07-14,0.6688
2015-07-15,0.6896
2015-07-16,0.6817
2015-07-17,0.7095
2015-07-18,0.6794
2015-07-19,0.6854
2015-07-20,0.6478
2015-07-21,0.6858
2015-07-22,0.7143
2015-07-23,0.688
2015-07-24,0.7123
2015-07-25,0.7172
2015-07-26,0.6628
2015-07-27,0.631
2015-07-28,0.6675
2015-08-01,0.7317
2015-08-02,0.7143
2015-08-03,0.6924
2015-08-04,0.6857
2015-08-05,0.7138
2015-08-06,0.7444
2015-08-07,0.736
2015-08-08,0.7566
2015-08-09,0.6993
2015-08-10,0.6945
2015-08-11,0.6856
2015-08-12,0.724
2015-08-13,0.7538
2015-08-14,0.7139
2015-08-15,0.7461
2015-08-16,0.7108
2015-08-17,0.678
2015-08-18,0.6752
2015-08-19,0.7127
2015-08-20,0.7371
2015-08-21,0.7301
2015-08-22,0.7414
2015-08-23,0.7204
2015-08-24,0.695
2015-08-25,0.6538
2015-08-26,0.6827
2015-08-27,0.7211
2015-08-28,0.7334
2015-09-01,0.6876
2015-09-02,0.7263
2015-09-03,0.7476
2015-09-04,0.7385
2015-09-05,0.7511
2015-09-06,0.6874
2015-09-07,0.6696
2015-09-08,0.6485
2015-09-09,0.6866
2015-09-10,0.69
2015-09-11,0.7254
2015-09-12,0.6939
2015-09-13,0.6646
2015-09-14,0.6607
2015-09-15,0.6639
2015-09-16,0.6928
2015-09-17,0.6853
2015-09-18,0.72
2015-09-19,0.7207
2015-09-20,0.655
2015-09-21,0.6354
2015-09-22,0.6308
2015-09-23,0.6599
2015-09-24,0.684
2015-09-25,0.7171
2015-09-26,0.6959
2015-09-27,0.683
2015-09-28,0.6492
2015-10-01,0.693
2015-10-02,0.6917
2015-10-03,0.6791
2015-10-04,0.6346
2015-10-05,0.5996
2015-10-06,0.6291
2015-10-07,0.6686
2015-10-08,0.7034
2015-10-09,0.7107
2015-10-10,0.7156
2015-10-11,0.6689
2015-10-12,0.6344
2015-10-13,0.6344
2015-10-14,0.6883
2015-10-15,0.6694
2015-10-16,0.6708
2015-10-17,0.6876
2015-10-18,0.6611
2015-10-19,0.5956
2015-10-20,0.6243
2015-10-21,0.6566
2015-10-22,0.6825
2015-10-23,0.6818
2015-10-24,0.6876
2015-10-25,0.6275
2015-10-26,0.591
2015-10-27,0.6301
2015-10-28,0.6915
2015-11-01,0.6799
2015-11-02,0.6559
2015-11-03,0.5967
2015-11-04,0.6261
2015-11-05,0.6768
2015-11-06,0.6591
2015-11-07,0.6892
2015-11-08,0.6525
2015-11-09,0.6002
2015-11-10,0.6136
2015-11-11,0.6439
2015-11-12,0.6743
2015-11-13,0.7201
2015-11-14,0.7142
2015-11-15,0.6874
2015-11-16,0.6245
2015-11-17,0.6614
2015-11-18,0.6901
2015-11-19,0.7255
2015-11-20,0.7257
2015-11-21,0.7053
2015-11-22,0.693
2015-11-23,0.6257
2015-11-24,0.6283
2015-11-25,0.6677
2015-11-26,0.7002
2015-11-27,0.695
2015-11-28,0.73
2015-12-01,0.6303
2015-12-02,0.6594
2015-12-03,0.7176
2015-12-04,0.7295
2015-12-05,0.7057
2015-12-06,0.6569
2015-12-07,0.6319
2015-12-08,0.6616
2015-12-09,0.7066
2015-12-10,0.7297
2015-12-11,0.7253
2015-12-12,0.7075
2015-12-13,0.6883
2015-12-14,0.6578
2015-12-15,0.6864
2015-12-16,0.7228
2015-12-17,0.7137
2015-12-18,0.7211
2015-12-19,0.6868
2015-12-20,0.6864
2015-12-21,0.6591
2015-12-22,0.6876
2015-12-23,0.6882
2015-12-24,0.7121
2015-12-25,0.6882
2015-12-26,0.6646
2015-12-27,0.6483
2015-12-28,0.6232
2016-01-01,0.7261
2016-01-02,0.6587
2016-01-03,0.6487
2016-01-04,0.6209
2016-01-05,0.6235
2016-01-06,0.6518
2016-01-07,0.693
2016-01-08,0.6605
2016-01-09,0.6679
2016-01-10,0.6588
2016-01-11,0.6114
2016-01-12,0.6137
2016-01-13,0.6439
2016-01-14,0.6768
2016-01-15,0.6567
2016-01-16,0.6726
2016-01-17,0.648
2016-01-18,0.596
2016-01-19,0.6115
2016-01-20,0.6416
2016-01-21,0.6789
2016-01-22,0.6605
2016-01-23,0.6701
2016-01-24,0.6244
2016-01-25,0.5991
2016-01-26,0.6286
2016-01-27,0.6681
2016-01-28,0.7034
2016-02-01,0.6327
2016-02-02,0.6619
2016-02-03,0.6912
2016-02-04,0.7208
2016-02-05,0.7214
2016-02-06,0.7291
2016-02-07,0.6995
2016-02-08,0.6798
2016-02-09,0.6466
2016-02-10,0.6466
2016-02-11,0.6855
2016-02-12,0.6852
2016-02-13,0.689
2016-02-14,0.6278
2016-02-15,0.6168
2016-02-16,0.6095
2016-02-17,0.6501
2016-02-18,0.6728
2016-02-19,0.6826
2016-02-20,0.6682
2016-02-21,0.6415
2016-02-22,0.615
2016-02-23,0.595
2016-02-24,0.6344
2016-02-25,0.6914
2016-02-26,0.6882
2016-02-27,0.668
2016-02-28,0.6521
2016-03-01,0.5962
2016-03-02,0.6225
2016-03-03,0.598
2016-03-04,0.6109
2016-03-05,0.6165
2016-03-06,0.5931
2016-03-07,0.5931
2016-03-08,0.6216
2016-03-09,0.6603
2016-03-10,0.6658
2016-03-11,0.6918
2016-03-12,0.6841
2016-03-13,0.6456
2016-03-14,0.6456
2016-03-15,0.6678
2016-03-16,0.6949
2016-03-17,0.6612
2016-03-18,0.6689
2016-03-19,0.6702
2016-03-20,0.6279
2016-03-21,0.6279
2016-03-22,0.6936
2016-03-23,0.6826
2016-03-24,0.6552
2016-03-25,0.67
2016-03-26,0.6378
2016-03-27,0.6114
2016-03-28,0.6114
2016-04-01,0.7179
2016-04-02,0.705
2016-04-03,0.693
2016-04-04,0.6344
2016-04-05,0.6638
2016-04-06,0.6927
2016-04-07,0.7091
2016-04-08,0.711
2016-04-09,0.7273
2016-04-10,0.677
2016-04-11,0.6291
2016-04-12,0.6324
2016-04-13,0.6621
2016-04-14,0.7063
2016-04-15,0.7068
2016-04-16,0.6934
2016-04-17,0.6929
2016-04-18,0.6381
2016-04-19,0.6306
2016-04-20,0.6598
2016-04-21,0.7197
2016-04-22,0.6556
2016-04-23,0.6637
2016-04-24,0.6389
2016-04-25,0.6058
2016-04-26,0.6358
2016-04-27,0.6656
2016-04-28,0.7022
2016-05-01,0.6311
2016-05-02,0.5997
2016-05-03,0.6293
2016-05-04,0.6675
2016-05-05,0.6869
2016-05-06,0.6697
2016-05-07,0.6931
2016-05-08,0.63
2016-05-09,0.5974
2016-05-10,0.6268
2016-05-11,0.663
2016-05-12,0.6774
2016-05-13,0.676
2016-05-14,0.6876
2016-05-15,0.6346
2016-05-16,0.6027
2016-05-17,0.6326
2016-05-18,0.6701
2016-05-19,0.6919
2016-05-20,0.6916
2016-05-21,0.6562
2016-05-22,0.6608
2016-05-23,0.626
2016-05-24,0.655
2016-05-25,0.7277
2016-05-26,0.7016
2016-05-27,0.6558
2016-05-28,0.6611
2016-06-01,0.6541
2016-06-02,0.7315
2016-06-03,0.7035
2016-06-04,0.699
2016-06-05,0.6665
2016-06-06,0.6334
2016-06-07,0.6354
2016-06-08,0.6648
2016-06-09,0.6855
2016-06-10,0.7186
2016-06-11,0.7261
2016-06-12,0.6664
2016-06-13,0.6306
2016-06-14,0.628
2016-06-15,0.6571
2016-06-16,0.7222
2016-06-17,0.7188
2016-06-18,0.718
2016-06-19,0.6589
2016-06-20,0.627
2016-06-21,0.626
2016-06-22,0.6655
2016-06-23,0.6939
2016-06-24,0.711
2016-06-25,0.6872
2016-06-26,0.6634
2016-06-27,0.6685
2016-06-28,0.6547
2016-07-01,0.7053
2016-07-02,0.6963
2016-07-03,0.6642
2016-07-04,0.6272
2016-07-05,0.6562
2016-07-06,0.7269
2016-07-07,0.727
2016-07-08,0.7188
2016-07-09,0.7121
2016-07-10,0.6694
2016-07-11,0.6635
2016-07-12,0.6923
2016-07-13,0.7132
2016-07-14,0.6945
2016-07-15,0.6834
2016-07-16,0.7217
2016-07-17,0.6795
2016-07-18,0.6529
2016-07-19,0.6911
2016-07-20,0.7316
2016-07-21,0.718
2016-07-22,0.7146
2016-07-23,0.7067
2016-07-24,0.6935
2016-07-25,0.6299
2016-07-26,0.6591
2016-07-27,0.7045
2016-07-28,0.7074
2016-08-01,0.6629
2016-08-02,0.6639
2016-08-03,0.6933
2016-08-04,0.7228
2016-08-05,0.7537
2016-08-06,0.7413
2016-08-07,0.7088
2016-08-08,0.6944
2016-08-09,0.6698
2016-08-10,0.6995
2016-08-11,0.747
2016-08-12,0.7315
2016-08-13,0.7148
2016-08-14,0.7208
2016-08-15,0.6896
2016-08-16,0.6859
2016-08-17,0.714
2016-08-18,0.737
2016-08-19,0.7412
2016-08-20,0.7535
2016-08-21,0.7176
2016-08-22,0.6641
2016-08-23,0.6676
2016-08-24,0.6977
2016-08-25,0.7417
2016-08-26,0.7462
2016-08-27,0.7252
2016-08-28,0.7116
2016-09-01,0.7558
2016-09-02,0.7212
2016-09-03,0.7547
2016-09-04,0.7256
2016-09-05,0.6667
2016-09-06,0.6655
2016-09-07,0.695
2016-09-08,0.6938
2016-09-09,0.7159
2016-09-10,0.6843
2016-09-11,0.6795
2016-09-12,0.6271
2016-09-13,0.6291
2016-09-14,0.6687
2016-09-15,0.7016
2016-09-16,0.6854
2016-09-17,0.724
2016-09-18,0.689
2016-09-19,0.6334
2016-09-20,0.6286
2016-09-21,0.6681
2016-09-22,0.6927
2016-09-23,0.7112
2016-09-24,0.7022
2016-09-25,0.6862
2016-09-26,0.6361
2016-09-27,0.6296
2016-09-28,0.6588
2016-10-01,0.6583
2016-10-02,0.6633
2016-10-03,0.6288
2016-10-04,0.6573
2016-10-05,0.6896
2016-10-06,0.6878
2016-10-07,0.6558
2016-10-08,0.6929
2016-10-09,0.6667
2016-10-10,0.6338
2016-10-11,0.6635
2016-10-12,0.6999
2016-10-13,0.6912
2016-10-14,0.6689
2016-10-15,0.684
2016-10-16,0.6532
2016-10-17,0.6238
2016-10-18,0.6521
2016-10-19,0.6892
2016-10-20,0.6614
2016-10-21,0.6758
2016-10-22,0.687
2016-10-23,0.6341
2016-10-24,0.598
2016-10-25,0.6274
2016-10-26,0.66
2016-10-27,0.6532
2016-10-28,0.6829
2016-11-01,0.6609
2016-11-02,0.6895
2016-11-03,0.6844
2016-11-04,0.6825
2016-11-05,0.6878
2016-11-06,0.6437
2016-11-07,0.6059
2016-11-08,0.6141
2016-11-09,0.6518
2016-11-10,0.6886
2016-11-11,0.6758
2016-11-12,0.6845
2016-11-13,0.6934
2016-11-14,0.6278
2016-11-15,0.6275
2016-11-16,0.6275
2016-11-17,0.6562
2016-11-18,0.6523
2016-11-19,0.6912
2016-11-20,0.6491
2016-11-21,0.6256
2016-11-22,0.6297
2016-11-23,0.6582
2016-11-24,0.6913
2016-11-25,0.6619
2016-11-26,0.6851
2016-11-27,0.627
2016-11-28,0.6071
2016-12-01,0.6435
2016-12-02,0.6569
2016-12-03,0.6701
2016-12-04,0.6474
2016-12-05,0.6153
2016-12-06,0.643
2016-12-07,0.6867
2016-12-08,0.6826
2016-12-09,0.6608
2016-12-10,0.665
2016-12-11,0.638
2016-12-12,0.6078
2016-12-13,0.6451
2016-12-14,0.68
2016-12-15,0.6717
2016-12-16,0.7003
2016-12-17,0.6934
2016-12-18,0.6917
2016-12-19,0.6437
2016-12-20,0.6815
2016-12-21,0.7088
2016-12-22,0.7095
2016-12-23,0.698
2016-12-24,0.6882
2016-12-25,0.6699
2016-12-26,0.6251
2016-12-27,0.6615
2016-12-28,0.689
2017-01-01,0.6858
2017-01-02,0.6922
2017-01-03,0.6732
2017-01-04,0.7106
2017-01-05,0.7271
2017-01-06,0.7112
2017-01-07,0.7085
2017-01-08,0.688
2017-01-09,0.6666
2017-01-10,0.6766
2017-01-11,0.7141
2017-01-12,0.7526
2017-01-13,0.715
2017-01-14,0.715
2017-01-15,0.6784
2017-01-16,0.668
2017-01-17,0.666
2017-01-18,0.6926
2017-01-19,0.7269
2017-01-20,0.7117
2017-01-21,0.7109
2017-01-22,0.6665
2017-01-23,0.6509
2017-01-24,0.6553
2017-01-25,0.6914
2017-01-26,0.7223
2017-01-27,0.7197
2017-01-28,0.703
2017-02-01,0.6708
2017-02-02,0.7006
2017-02-03,0.7131
2017-02-04,0.746
2017-02-05,0.6833
2017-02-06,0.6655
2017-02-07,0.6458
2017-02-08,0.6814
2017-02-09,0.6956
2017-02-10,0.6825
2017-02-11,0.7274
2017-02-12,0.6703
2017-02-13,0.6428
2017-02-14,0.6392
2017-02-15,0.664
2017-02-16,0.6939
2017-02-17,0.6825
2017-02-18,0.6899
2017-02-19,0.6525
2017-02-20,0.6296
2017-02-21,0.6271
2017-02-22,0.6614
2017-02-23,0.694
2017-02-24,0.7062
2017-02-25,0.6685
2017-02-26,0.6697
2017-02-27,0.6279
2017-02-28,0.5898
2017-03-01,0.5304
2017-03-02,0.5393
2017-03-03,0.5403
2017-03-04,0.533
2017-03-05,0.533
2017-03-06,0.5256
2017-03-07,0.5408
2017-03-08,0.5062
2017-03-09,0.5385
2017-03-10,0.5203
2017-03-11,0.525
2017-03-12,0.525
2017-03-13,0.5198
2017-03-14,0.5116
2017-03-15,0.5
2017-03-16,0.5
2017-03-17,0.5261
2017-03-18,0.5181
2017-03-19,0.5181
2017-03-20,0.5001
2017-03-21,0.5
2017-03-22,0.5196
2017-03-23,0.5083
2017-03-24,0.5175
2017-03-25,0.5202
2017-03-26,0.5202
2017-03-27,0.5202
2017-03-28,0.5425
2017-04-01,0.6527
2017-04-02,0.5893
2017-04-03,0.5809
2017-04-04,0.604
2017-04-05,0.6367
2017-04-06,0.6857
2017-04-07,0.6485
2017-04-08,0.6381
2017-04-09,0.6041
2017-04-10,0.5858
2017-04-11,0.5897
2017-04-12,0.6212
2017-04-13,0.647
2017-04-14,0.6478
2017-04-15,0.5913
2017-04-16,0.5849
2017-04-17,0.546
2017-04-18,0.5497
2017-04-19,0.5803
2017-04-20,0.6051
2017-04-21,0.6031
2017-04-22,0.5715
2017-04-23,0.5611
2017-04-24,0.538
2017-04-25,0.5287
2017-04-26,0.5598
2017-04-27,0.5696
2017-04-28,0.5705
2017-05-01,0.5
2017-05-02,0.5
2017-05-03,0.5221
2017-05-04,0.5262
2017-05-05,0.5229
2017-05-06,0.5221
2017-05-07,0.5
2017-05-08,0.5
2017-05-09,0.5
2017-05-10,0.5013
2017-05-11,0.5031
2017-05-12,0.5245
2017-05-13,0.5037
2017-05-14,0.5028
2017-05-15,0.5028
2017-05-16,0.5303
2017-05-17,0.5437
2017-05-18,0.539
2017-05-19,0.5532
2017-05-20,0.5272
2017-05-21,0.5303
2017-05-22,0.5303
2017-05-23,0.5577
2017-05-24,0.5647
2017-05-25,0.5851
2017-05-26,0.5486
2017-05-27,0.5844
2017-05-28,0.5253
2017-06-01,0.5768
2017-06-02,0.6395
2017-06-03,0.6392
2017-06-04,0.6046
2017-06-05,0.5554
2017-06-06,0.5817
2017-06-07,0.609
2017-06-08,0.6406
2017-06-09,0.6043
2017-06-10,0.6166
2017-06-11,0.5934
2017-06-12,0.5602
2017-06-13,0.579
2017-06-14,0.6061
2017-06-15,0.6041
2017-06-16,0.6074
2017-06-17,0.5793
2017-06-18,0.5858
2017-06-19,0.5429
2017-06-20,0.5515
2017-06-21,0.5876
2017-06-22,0.6042
2017-06-23,0.6143
2017-06-24,0.5977
2017-06-25,0.5851
2017-06-26,0.5398
2017-06-27,0.5554
2017-06-28,0.5814
2017-07-01,0.5539
2017-07-02,0.5169
2017-07-03,0.5032
2017-07-04,0.5276
2017-07-05,0.574
2017-07-06,0.5803
2017-07-07,0.5363
2017-07-08,0.5838
2017-07-09,0.5205
2017-07-10,0.5
2017-07-11,0.5197
2017-07-12,0.5424
2017-07-13,0.5658
2017-07-14,0.5702
2017-07-15,0.5485
2017-07-16,0.5369
2017-07-17,0.5172
2017-07-18,0.5511
2017-07-19,0.5899
2017-07-20,0.5603
2017-07-21,0.5705
2017-07-22,0.5908
2017-07-23,0.5519
2017-07-24,0.5274
2017-07-25,0.552
2017-07-26,0.5865
2017-07-27,0.5584
2017-07-28,0.5857
2017-08-01,0.5626
2017-08-02,0.5889
2017-08-03,0.628
2017-08-04,0.6059
2017-08-05,0.5896
2017-08-06,0.5501
2017-08-07,0.5594
2017-08-08,0.5417
2017-08-09,0.5653
2017-08-10,0.5684
2017-08-11,0.552
2017-08-12,0.5817
2017-08-13,0.5559
2017-08-14,0.5433
2017-08-15,0.5271
2017-08-16,0.5499
2017-08-17,0.565
2017-08-18,0.5884
2017-08-19,0.5717
2017-08-20,0.5504
2017-08-21,0.5195
2017-08-22,0.512
2017-08-23,0.5337
2017-08-24,0.5461
2017-08-25,0.5708
2017-08-26,0.5808
2017-08-27,0.521
2017-08-28,0.5316
2017-09-01,0.5512
2017-09-02,0.5321
2017-09-03,0.5426
2017-09-04,0.5181
2017-09-05,0.5
2017-09-06,0.5194
2017-09-07,0.5178
2017-09-08,0.5084
2017-09-09,0.5089
2017-09-10,0.5
2017-09-11,0.5
2017-09-12,0.5
2017-09-13,0.5
2017-09-14,0.5166
2017-09-15,0.5186
2017-09-16,0.5126
2017-09-17,0.5
2017-09-18,0.5
2017-09-19,0.5
2017-09-20,0.5
2017-09-21,0.5123
2017-09-22,0.5192
2017-09-23,0.5
2017-09-24,0.5
2017-09-25,0.5
2017-09-26,0.5
2017-09-27,0.5
2017-09-28,0.504
2017-10-01,0.5
2017-10-02,0.5
2017-10-03,0.5
2017-10-04,0.5
2017-10-05,0.5
2017-10-06,0.5
2017-10-07,0.5
2017-10-08,0.469
2017-10-09,0.469
2017-10-10,0.469
2017-10-11,0.469
2017-10-12,0.469
2017-10-13,0.469
2017-10-14,0.469
2017-10-15,0.469
2017-10-16,0.469
2017-10-17,0.469
2017-10-18,0.469
2017-10-19,0.469
2017-10-20,0.469
2017-10-21,0.469
2017-10-22,0.469
2017-10-23,0.469
2017-10-24,0.469
2017-10-25,0.469
2017-10-26,0.469
2017-10-27,0.469
2017-10-28,0.469
2017-11-01,0.469
2017-11-02,0.47
2017-11-03,0.469
2017-11-04,0.469
2017-11-05,0.469
2017-11-06,0.469
2017-11-07,0.469
2017-11-08,0.469
2017-11-09,0.469
2017-11-10,0.469
2017-11-11,0.469
2017-11-12,0.469
2017-11-13,0.469
2017-11-14,0.469
2017-11-15,0.469
2017-11-16,0.469
2017-11-17,0.469
2017-11-18,0.469
2017-11-19,0.469
2017-11-20,0.469
2017-11-21,0.469
2017-11-22,0.469
2017-11-23,0.469
2017-11-24,0.469
2017-11-25,0.469
2017-11-26,0.4273
2017-11-27,0.4273
2017-11-28,0.4273
2017-12-01,0.4273
2017-12-02,0.4273
2017-12-03,0.4273
2017-12-04,0.4273
2017-12-05,0.4273
2017-12-06,0.4273
2017-12-07,0.4273
2017-12-08,0.4273
2017-12-09,0.4273
2017-12-10,0.4273
2017-12-11,0.4273
2017-12-12,0.4273
2017-12-13,0.4273
2017-12-14,0.4273
2017-12-15,0.4273
2017-12-16,0.4273
2017-12-17,0.4273
2017-12-18,0.4273
2017-12-19,0.4273
2017-12-20,0.4273
2017-12-21,0.4273
2017-12-22,0.4273
2017-12-23,0.4273
2017-12-24,0.4273
2017-12-25,0.4273
2017-12-26,0.4273
2017-12-27,0.4273
2017-12-28,0.4273
2018-01-01,0.4273
2018-01-02,0.4273
2018-01-03,0.4273
2018-01-04,0.4273
2018-01-05,0.4273
2018-01-06,0.4273
2018-01-07,0.3994
2018-01-08,0.3994
2018-01-09,0.3994
2018-01-10,0.3994
2018-01-11,0.3994
2018-01-12,0.3994
2018-01-13,0.3994
2018-01-14,0.3994
2018-01-15,0.3994
2018-01-16,0.3994
2018-01-17,0.3994
2018-01-18,0.3994
2018-01-19,0.3994
2018-01-20,0.3994
2018-01-21,0.3994
2018-01-22,0.3994
2018-01-23,0.3994
2018-01-24,0.3994
2018-01-25,0.3994
2018-01-26,0.3994
2018-01-27,0.3994
2018-01-28,0.3994
2018-02-01,0.3994
2018-02-02,0.3994
2018-02-03,0.3994
2018-02-04,0.3994
2018-02-05,0.3994
2018-02-06,0.3994
2018-02-07,0.3994
2018-02-08,0.3994
2018-02-09,0.3994
2018-02-10,0.3994
2018-02-11,0.3994
2018-02-12,0.3994
2018-02-13,0.3994
2018-02-14,0.3994
2018-02-15,0.3994
2018-02-16,0.3994
2018-02-17,0.3994
2018-02-18,0.3994
2018-02-19,0.3994
2018-02-20,0.3994
2018-02-21,0.3994
2018-02-22,0.3994
2018-02-23,0.3994
2018-02-24,0.3994
2018-02-25,0.3994
2018-02-26,0.3994
2018-02-27,0.3994
2018-02-28,0.3994
2018-03-01,0.3994
2018-03-02,0.3994
2018-03-03,0.3994
2018-03-04,0.3994
2018-03-05,0.3994
2018-03-06,0.3994
2018-03-07,0.3994
2018-03-08,0.3855
2018-03-09,0.3855
2018-03-10,0.3855
2018-03-11,0.3855
2018-03-12,0.3855
2018-03-13,0.3855
2018-03-14,0.3855
2018-03-15,0.3855
2018-03-16,0.3855
2018-03-17,0.3855
2018-03-18,0.3855
2018-03-19,0.3855
2018-03-20,0.3855
2018-03-21,0.3855
2018-03-22,0.3855
2018-03-23,0.3855
2018-03-24,0.3855
2018-03-25,0.3855
2018-03-26,0.3855
2018-03-27,0.3855
2018-03-28,0.3855
2018-04-01,0.3855
2018-04-02,0.3855
2018-04-03,0.3855
2018-04-04,0.3855
2018-04-05,0.3855
2018-04-06,0.3855
2018-04-07,0.3855
2018-04-08,0.3855
2018-04-09,0.3855
2018-04-10,0.3855
2018-04-11,0.3855
2018-04-12,0.3855
2018-04-13,0.3855
2018-04-14,0.3855
2018-04-15,0.3855
2018-04-16,0.3855
2018-04-17,0.3855
2018-04-18,0.3855
2018-04-19,0.3855
2018-04-20,0.3855
2018-04-21,0.3855
2018-04-22,0.3715
2018-04-23,0.3715
2018-04-24,0.3715
2018-04-25,0.3715
2018-04-26,0.3715
2018-04-27,0.3715
2018-04-28,0.3715
2018-05-01,0.3715
2018-05-02,0.3715
2018-05-03,0.3715
2018-05-04,0.3715
2018-05-05,0.3715
2018-05-06,0.3715
2018-05-07,0.3715
2018-05-08,0.3715
2018-05-09,0.3715
2018-05-10,0.3715
2018-05-11,0.3715
2018-05-12,0.3715
2018-05-13,0.3715
2018-05-14,0.3715
2018-05-15,0.3715
2018-05-16,0.3715
2018-05-17,0.3715
2018-05-18,0.3715
2018-05-19,0.3715
2018-05-20,0.3715
2018-05-21,0.3715
2018-05-22,0.3715
2018-05-23,0.3715
2018-05-24,0.3715
2018-05-25,0.3715
2018-05-26,0.3715
2018-05-27,0.3715
2018-05-28,0.3715
2018-06-01,0.3715
2018-06-02,0.3715
2018-06-03,0.3715
2018-06-04,0.3715
2018-06-05,0.3715
2018-06-06,0.3715
2018-06-07,0.3715
2018-06-08,0.3715
2018-06-09,0.3715
2018-06-10,0.3715
2018-06-11,0.3715
2018-06-12,0.3715
2018-06-13,0.3715
2018-06-14,0.3715
2018-06-15,0.3715
2018-06-16,0.3715
2018-06-17,0.3715
2018-06-18,0.3715
2018-06-19,0.3715
2018-06-20,0.3715
2018-06-21,0.3715
2018-06-22,0.3715
2018-06-23,0.3715
2018-06-24,0.3715
2018-06-25,0.3715
2018-06-26,0.3715
2018-06-27,0.3715
2018-06-28,0.3715
2018-07-01,0.3715
2018-07-02,0.3715
2018-07-03,0.3715
2018-07-04,0.3715
2018-07-05,0.3715
2018-07-06,0.3715
2018-07-07,0.3715
2018-07-08,0.3715
2018-07-09,0.3715
2018-07-10,0.3715
2018-07-11,0.3715
2018-07-12,0.3715
2018-07-13,0.3715
2018-07-14,0.3715
2018-07-15,0.3715
2018-07-16,0.3715
2018-07-17,0.3715
2018-07-18,0.3715
2018-07-19,0.3715
2018-07-20,0.3715
2018-07-21,0.3715
2018-07-22,0.3715
2018-07-23,0.3715
2018-07-24,0.3715
2018-07-25,0.3715
2018-07-26,0.3715
2018-07-27,0.3715
2018-07-28,0.3715
2018-08-01,0.3715
2018-08-02,0.3715
2018-08-03,0.3715
2018-08-04,0.3715
2018-08-05,0.3715
2018-08-06,0.3715
2018-08-07,0.3715
2018-08-08,0.3715
2018-08-09,0.3715
2018-08-10,0.3715
2018-08-11,0.3715
2018-08-12,0.3715
2018-08-13,0.3715
2018-08-14,0.3715
2018-08-15,0.3715
2018-08-16,0.3715
2018-08-17,0.3715
2018-08-18,0.3715
2018-08-19,0.3715
2018-08-20,0.3715
2018-08-21,0.3715
2018-08-22,0.3715
2018-08-23,0.3715
2018-08-24,0.3715
2018-08-25,0.3715
2018-08-26,0.3715
2018-08-27,0.3715
2018-08-28,0.3715
2018-09-01,0.3715
2018-09-02,0.3715
2018-09-03,0.3715
2018-09-04,0.3715
2018-09-05,0.3715
2018-09-06,0.3715
2018-09-07,0.3715
2018-09-08,0.3715
2018-09-09,0.3715
2018-09-10,0.3715
2018-09-11,0.3715
2018-09-12,0.3715
2018-09-13,0.3715
2018-09-14,0.3715
2018-09-15,0.3715
2018-09-16,0.3715
2018-09-17,0.3715
2018-09-18,0.3715
2018-09-19,0.3715
2018-09-20,0.3715
2018-09-21,0.3715
2018-09-22,0.3715
2018-09-23,0.3715
2018-09-24,0.3715
2018-09-25,0.3715
2018-09-26,0.3715
2018-09-27,0.3715
2018-09-28,0.3715
2018-10-01,0.3715
2018-10-02,0.3715
2018-10-03,0.3715
2018-10-04,0.3715
2018-10-05,0.3715
2018-10-06,0.3715
2018-10-07,0.3715
2018-10-08,0.3715
2018-10-09,0.3715
2018-10-10,0.3715
2018-10-11,0.3715
2018-10-12,0.3715
2018-10-13,0.3715
2018-10-14,0.3715
2018-10-15,0.3715
2018-10-16,0.3715
2018-10-17,0.3715
2018-10-18,0.3715
2018-10-19,0.3715
2018-10-20,0.3715
2018-10-21,0.3715
2018-10-22,0.3715
2018-10-23,0.3715
2018-10-24,0.3715
2018-10-25,0.3715
2018-10-26,0.3715
2018-10-27,0.3715
2018-10-28,0.3715
2018-11-01,0.3715
2018-11-02,0.3715
2018-11-03,0.3715
2018-11-04,0.3715
2018-11-05,0.3715
2018-11-06,0.3715
2018-11-07,0.3715
2018-11-08,0.3715
2018-11-09,0.3715
2018-11-10,0.3715
2018-11-11,0.3715
2018-11-12,0.3715
2018-11-13,0.3715
2018-11-14,0.3715
2018-11-15,0.3715
2018-11-16,0.3715
2018-11-17,0.3715
2018-11-18,0.3715
2018-11-19,0.3715
2018-11-20,0.3715
2018-11-21,0.3715
2018-11-22,0.3715
2018-11-23,0.3715
2018-11-24,0.3715
2018-11-25,0.3715
2018-11-26,0.3715
2018-11-27,0.3715
2018-11-28,0.3715
2018-12-01,0.3715
2018-12-02,0.3715
2018-12-03,0.3715
2018-12-04,0.3715
2018-12-05,0.3715
2018-12-06,0.3715
2018-12-07,0.3715
2018-12-08,0.3715
2018-12-09,0.3715
2018-12-10,0.3715
2018-12-11,0.3715
2018-12-12,0.3715
2018-12-13,0.3715
2018-12-14,0.3715
2018-12-15,0.3715
2018-12-16,0.3715
2018-12-17,0.3715
2018-12-18,0.3715
2018-12-19,0.3715
2018-12-20,0.3715
2018-12-21,0.3715
2018-12-22,0.3715
2018-12-23,0.3715
2018-12-24,0.3715
2018-12-25,0.3715
2018-12-26,0.3715
2018-12-27,0.3715
2018-12-28,0.3715
2019-01-01,0.3715
2019-01-02,0.3715
2019-01-03,0.3715
2019-01-04,0.3715
2019-01-05,0.3715
2019-01-06,0.3715
2019-01-07,0.3715
2019-01-08,0.3715
2019-01-09,0.3715
2019-01-10,0.3715
2019-01-11,0.3715
2019-01-12,0.3715
2019-01-13,0.3715
2019-01-14,0.3715
2019-01-15,0.3715
2019-01-16,0.3715
2019-01-17,0.3715
2019-01-18,0.3715
2019-01-19,0.3715
2019-01-20,0.3715
2019-01-21,0.3715
2019-01-22,0.3715
2019-01-23,0.3715
2019-01-24,0.3715
2019-01-25,0.3715
2019-01-26,0.3715
2019-01-27,0.3715
2019-01-28,0.3715
2019-02-01,0.3715
2019-02-02,0.3715
2019-02-03,0.3715
2019-02-04,0.3715
2019-02-05,0.3715
2019-02-06,0.3715
2019-02-07,0.3715
2019-02-08,0.3715
2019-02-09,0.3715
2019-02-10,0.3715
2019-02-11,0.3715
2019-02-12,0.3715
2019-02-13,0.3715
2019-02-14,0.3715
2019-02-15,0.3715
2019-02-16,0.3715
2019-02-17,0.3715
2019-02-18,0.3715
2019-02-19,0.3715
2019-02-20,0.3715
2019-02-21,0.3715
2019-02-22,0.3715
2019-02-23,0.3715
2019-02-24,0.3715
2019-02-25,0.3715
2019-02-26,0.3715
2019-02-27,0.3715
2019-02-28,0.3715
2019-03-01,0.3715
2019-03-02,0.3715
2019-03-03,0.3715
2019-03-04,0.3715
2019-03-05,0.3715
2019-03-06,0.3715
2019-03-07,0.3715
2019-03-08,0.3715
2019-03-09,0.3715
2019-03-10,0.3715
2019-03-11,0.3715
2019-03-12,0.3715
2019-03-13,0.3715
2019-03-14,0.3715
2019-03-15,0.3715
2019-03-16,0.3715
2019-03-17,0.3715
2019-03-18,0.3715
2019-03-19,0.3715
2019-03-20,0.3715
2019-03-21,0.3715
2019-03-22,0.3715
2019-03-23,0.3715
2019-03-24,0.3715
2019-03-25,0.3715
2019-03-26,0.3715
2019-03-27,0.3715
2019-03-28,0.3715
2019-04-01,0.3715
2019-04-02,0.3715
2019-04-03,0.3715
2019-04-04,0.3715
2019-04-05,0.3715
2019-04-06,0.3715
2019-04-07,0.3715
2019-04-08,0.3715
2019-04-09,0.3715
2019-04-10,0.3715
2019-04-11,0.3715
2019-04-12,0.3715
2019-04-13,0.3715
2019-04-14,0.3715
2019-04-15,0.3715
2019-04-16,0.3715
2019-04-17,0.3715
2019-04-18,0.3715
2019-04-19,0.3715
2019-04-20,0.3715
2019-04-21,0.3715
2019-04-22,0.3715
2019-04-23,0.3715
2019-04-24,0.3715
2019-04-25,0.3715
2019-04-26,0.3715
2019-04-27,0.3715
2019-04-28,0.3715
2019-05-01,0.3715
2019-05-02,0.3715
2019-05-03,0.3715
2019-05-04,0.3715
2019-05-05,0.3715
2019-05-06,0.3715
2019-05-07,0.3715
2019-05-08,0.3715
2019-05-09,0.3715
2019-05-10,0.3715
2019-05-11,0.3715
2019-05-12,0.3715
2019-05-13,0.3715
2019-05-14,0.3715
2019-05-15,0.3715
2019-05-16,0.3715
2019-05-17,0.3715
2019-05-18,0.3715
2019-05-19,0.3715
2019-05-20,0.3715
2019-05-21,0.3715
2019-05-22,0.3715
2019-05-23,0.3715
2019-05-24,0.3715
2019-05-25,0.3715
2019-05-26,0.3715
2019-05-27,0.3715
2019-05-28,0.3715
2019-06-01,0.3715
2019-06-02,0.3715
2019-06-03,0.3715
2019-06-04,0.3715
2019-06-05,0.3715
2019-06-06,0.3715
2019-06-07,0.3715
2019-06-08,0.3715
2019-06-09,0.3715
2019-06-10,0.3715
2019-06-11,0.3715
2019-06-12,0.3715
2019-06-13,0.3715
2019-06-14,0.3715
2019-06-15,0.3715
2019-06-16,0.3715
2019-06-17,0.3715
2019-06-18,0.3715
2019-06-19,0.3715
2019-06-20,0.3715
2019-06-21,0.3715
2019-06-22,0.3715
2019-06-23,0.3715
2019-06-24,0.3715
2019-06-25,0.3715
2019-06-26,0.3715
2019-06-27,0.3715
2019-06-28,0.3715
2019-07-01,0.3715
2019-07-02,0.3715
2019-07-03,0.3715
2019-07-04,0.3715
2019-07-05,0.3715
2019-07-06,0.3715
2019-07-07,0.3715
2019-07-08,0.3715
2019-07-09,0.3715
2019-07-10,0.3715
2019-07-11,0.3715
2019-07-12,0.3715
2019-07-13,0.3715
2019-07-14,0.3715
2019-07-15,0.3715
2019-07-16,0.3715
2019-07-17,0.3715
2019-07-18,0.3715
2019-07-19,0.3715
2019-07-20,0.3715
2019-07-21,0.3715
2019-07-22,0.3715
2019-07-23,0.3715
2019-07-24,0.3715
2019-07-25,0.3715
2019-07-26,0.3715
2019-07-27,0.3715
2019-07-28,0.3715
2019-08-01,0.3715
2019-08-02,0.3715
2019-08-03,0.3715
2019-08-04,0.3715
2019-08-05,0.3715
2019-08-06,0.3715
2019-08-07,0.3715
2019-08-08,0.3715
2019-08-09,0.3715
2019-08-10,0.3715
2019-08-11,0.3715
2019-08-12,0.3715
2019-08-13,0.3715
2019-08-14,0.3715
2019-08-15,0.3715
2019-08-16,0.3715
2019-08-17,0.3715
2019-08-18,0.3715
2019-08-19,0.3715
2019-08-20,0.3715
2019-08-21,0.3715
2019-08-22,0.3715
2019-08-23,0.3715
2019-08-24,0.3715
2019-08-25,0.3715
2019-08-26,0.3715
2019-08-27,0.3715
2019-08-28,0.3715
2019-09-01,0.3434
2019-09-02,0.3434
2019-09-03,0.3434
2019-09-04,0.3434
2019-09-05,0.3434
2019-09-06,0.3434
2019-09-07,0.3434
2019-09-08,0.3434
2019-09-09,0.3434
2019-09-10,0.3434
2019-09-11,0.3434
2019-09-12,0.3434
2019-09-13,0.3434
2019-09-14,0.3434
2019-09-15,0.3434
2019-09-16,0.3434
2019-09-17,0.3434
2019-09-18,0.3434
2019-09-19,0.3434
2019-09-20,0.3434
2019-09-21,0.3434
2019-09-22,0.3434
2019-09-23,0.3434
2019-09-24,0.3434
2019-09-25,0.3434
2019-09-26,0.3434
2019-09-27,0.3434
2019-09-28,0.3434
2019-10-01,0.3434
2019-10-02,0.3434
2019-10-03,0.3434
2019-10-04,0.3434
2019-10-05,0.3434
2019-10-06,0.3434
2019-10-07,0.3434
2019-10-08,0.3434
2019-10-09,0.3434
2019-10-10,0.3434
2019-10-11,0.3434
2019-10-12,0.3434
2019-10-13,0.3434
2019-10-14,0.3434
2019-10-15,0.3434
2019-10-16,0.3434
2019-10-17,0.3434
2019-10-18,0.3434
2019-10-19,0.3153
2019-10-20,0.3153
2019-10-21,0.3153
2019-10-22,0.3153
2019-10-23,0.3153
2019-10-24,0.3153
2019-10-25,0.3153
2019-10-26,0.3153
2019-10-27,0.3153
2019-10-28,0.3153
2019-11-01,0.3153
2019-11-02,0.3153
2019-11-03,0.3153
2019-11-04,0.3153
2019-11-05,0.3153
2019-11-06,0.3153
2019-11-07,0.3153
2019-11-08,0.3153
2019-11-09,0.3153
2019-11-10,0.3153
2019-11-11,0.3153
2019-11-12,0.3153
2019-11-13,0.3153
2019-11-14,0.3153
2019-11-15,0.3153
2019-11-16,0.3153
2019-11-17,0.3153
2019-11-18,0.3153
2019-11-19,0.3153
2019-11-20,0.3153
2019-11-21,0.3153
2019-11-22,0.3153
2019-11-23,0.3153
2019-11-24,0.3153
2019-11-25,0.3153
2019-11-26,0.3153
2019-11-27,0.3153
2019-11-28,0.3153
2019-12-01,0.2871
2019-12-02,0.2871
2019-12-03,0.2871
2019-12-04,0.2871
2019-12-05,0.2871
2019-12-06,0.2871
2019-12-07,0.2871
2019-12-08,0.2871
2019-12-09,0.2871
2019-12-10,0.2871
2019-12-11,0.2871
2019-12-12,0.2871
2019-12-13,0.2871
2019-12-14,0.2871
2019-12-15,0.2871
2019-12-16,0.2871
2019-12-17,0.2871
2019-12-18,0.2871
2019-12-19,0.2871
2019-12-20,0.2871
2019-12-21,0.2871
2019-12-22,0.2871
2019-12-23,0.2871
2019-12-24,0.2871
2019-12-25,0.2871
2019-12-26,0.2871
2019-12-27,0.2871
2019-12-28,0.2871
2020-01-01,0.2871
2020-01-02,0.2871
2020-01-03,0.2871
2020-01-04,0.2871
2020-01-05,0.2871
2020-01-06,0.2871
2020-01-07,0.2871
2020-01-08,0.2871
2020-01-09,0.2871
2020-01-10,0.2871
2020-01-11,0.2871
2020-01-12,0.2588
2020-01-13,0.2588
2020-01-14,0.2588
2020-01-15,0.2588
2020-01-16,0.2588
2020-01-17,0.2588
2020-01-18,0.2588
2020-01-19,0.2588
2020-01-20,0.2588
2020-01-21,0.2588
2020-01-22,0.2588
2020-01-23,0.2588
2020-01-24,0.2588
2020-01-25,0.2588
2020-01-26,0.2588
2020-01-27,0.2588
2020-01-28,0.2588
2020-02-01,0.2588
2020-02-02,0.2588
2020-02-03,0.2588
2020-02-04,0.2588
2020-02-05,0.2588
2020-02-06,0.2588
2020-02-07,0.2588
2020-02-08,0.2588
2020-02-09,0.2588
2020-02-10,0.2588
2020-02-11,0.2588
2020-02-12,0.2588
2020-02-13,0.2588
2020-02-14,0.2588
2020-02-15,0.2588
2020-02-16,0.2588
2020-02-17,0.2588
2020-02-18,0.2588
2020-02-19,0.2588
2020-02-20,0.2588
2020-02-21,0.2588
2020-02-22,0.2588
2020-02-23,0.2588
2020-02-24,0.2588
2020-02-25,0.2588
2020-02-26,0.2588
2020-02-27,0.2588
2020-02-28,0.2588
2020-03-01,0.2588
2020-03-02,0.2588
2020-03-03,0.2588
2020-03-04,0.2588
2020-03-05,0.2588
2020-03-06,0.2446
2020-03-07,0.2446
2020-03-08,0.2446
2020-03-09,0.2446
2020-03-10,0.2446
2020-03-11,0.2446
2020-03-12,0.2446
2020-03-13,0.2446
2020-03-14,0.2446
2020-03-15,0.2446
2020-03-16,0.2446
2020-03-17,0.2446
2020-03-18,0.2446
2020-03-19,0.2446
2020-03-20,0.2446
2020-03-21,0.2446
2020-03-22,0.2446
2020-03-23,0.2446
2020-03-24,0.2446
2020-03-25,0.2446
2020-03-26,0.2446
2020-03-27,0.2446
2020-03-28,0.2446
2020-04-01,0.2446
2020-04-02,0.2446
2020-04-03,0.2446
2020-04-04,0.2446
2020-04-05,0.2446
2020-04-06,0.2446
2020-04-07,0.2446
2020-04-08,0.2446
2020-04-09,0.2446
2020-04-10,0.2446
2020-04-11,0.2446
2020-04-12,0.2446
2020-04-13,0.2446
2020-04-14,0.2446
2020-04-15,0.2446
2020-04-16,0.2446
2020-04-17,0.2446
2020-04-18,0.2446
2020-04-19,0.2162
2020-04-20,0.2162
2020-04-21,0.2162
2020-04-22,0.2162
2020-04-23,0.2162
2020-04-24,0.2162
2020-04-25,0.2162
2020-04-26,0.2162
2020-04-27,0.2162
2020-04-28,0.2162
2020-05-01,0.2162
2020-05-02,0.2162
2020-05-03,0.2162
2020-05-04,0.2162
2020-05-05,0.2162
2020-05-06,0.2162
2020-05-07,0.2162
2020-05-08,0.2162
2020-05-09,0.2162
2020-05-10,0.2162
2020-05-11,0.2162
2020-05-12,0.2162
2020-05-13,0.2162
2020-05-14,0.2162
2020-05-15,0.2162
2020-05-16,0.2162
2020-05-17,0.2162
2020-05-18,0.2162
2020-05-19,0.2162
2020-05-20,0.2162
2020-05-21,0.2162
2020-05-22,0.2162
2020-05-23,0.2162
2020-05-24,0.2162
2020-05-25,0.2162
2020-05-26,0.2162
2020-05-27,0.2162
2020-05-28,0.2162
2020-06-01,0.2162
2020-06-02,0.2162
2020-06-03,0.2162
2020-06-04,0.2162
2020-06-05,0.2162
2020-06-06,0.2162
2020-06-07,0.1733
2020-06-08,0.1733
2020-06-09,0.1733
2020-06-10,0.1733
2020-06-11,0.1733
2020-06-12,0.1733
2020-06-13,0.1733
2020-06-14,0.1733
2020-06-15,0.1733
2020-06-16,0.1733
2020-06-17,0.1733
2020-06-18,0.1733
2020-06-19,0.1733
2020-06-20,0.1733
2020-06-21,0.1733
2020-06-22,0.1733
2020-06-23,0.1733
2020-06-24,0.1733
2020-06-25,0.1733
2020-06-26,0.1733
2020-06-27,0.1733
2020-06-28,0.1733
2020-07-01,0.1733
2020-07-02,0.1733
2020-07-03,0.1733
2020-07-04,0.1733
2020-07-05,0.1733
2020-07-06,0.1733
2020-07-07,0.1733
2020-07-08,0.1733
2020-07-09,0.1733
2020-07-10,0.1733
2020-07-11,0.1733
2020-07-12,0.1733
2020-07-13,0.1733
2020-07-14,0.1733
2020-07-15,0.1733
2020-07-16,0.1733
2020-07-17,0.1733
2020-07-18,0.1303
2020-07-19,0.1303
2020-07-20,0.1303
2020-07-21,0.1303
2020-07-22,0.1303
2020-07-23,0.1303
2020-07-24,0.1303
2020-07-25,0.1303
2020-07-26,0.1303
2020-07-27,0.1303
2020-07-28,0.1303
2020-08-01,0.1303
2020-08-02,0.1303
2020-08-03,0.1303
2020-08-04,0.1303
2020-08-05,0.1303
2020-08-06,0.1303
2020-08-07,0.1303
2020-08-08,0.1303
2020-08-09,0.1303
2020-08-10,0.1303
2020-08-11,0.1303
2020-08-12,0.1303
2020-08-13,0.1303
2020-08-14,0.1303
2020-08-15,0.1303
2020-08-16,0.1303
2020-08-17,0.1303
2020-08-18,0.1303
2020-08-19,0.1303
2020-08-20,0.1303
2020-08-21,0.1303
2020-08-22,0.1303
2020-08-23,0.1303
2020-08-24,0.1303
2020-08-25,0.1303
2020-08-26,0.1303
2020-08-27,0.1303
2020-08-28,0.1303
2020-09-01,0.1303
2020-09-02,0.1303
2020-09-03,0.1303
2020-09-04,0.1303
2020-09-05,0.1303
2020-09-06,0.1159
2020-09-07,0.1159
2020-09-08,0.1159
2020-09-09,0.1159
2020-09-10,0.1159
2020-09-11,0.1159
2020-09-12,0.1159
2020-09-13,0.1159
2020-09-14,0.1159
2020-09-15,0.1159
2020-09-16,0.1159
2020-09-17,0.1159
2020-09-18,0.1159
2020-09-19,0.1159
2020-09-20,0.1159
2020-09-21,0.1159
2020-09-22,0.1159
2020-09-23,0.1159
2020-09-24,0.1159
2020-09-25,0.1159
2020-09-26,0.1159
2020-09-27,0.1159
2020-09-28,0.1159
2020-10-01,0.1159
2020-10-02,0.1159
2020-10-03,0.1159
2020-10-04,0.1159
2020-10-05,0.1159
2020-10-06,0.1159
2020-10-07,0.1159
2020-10-08,0.1159
2020-10-09,0.1159
2020-10-10,0.1159
2020-10-11,0.1159
2020-10-12,0.1159
2020-10-13,0.1159
2020-10-14,0.1159
2020-10-15,0.1159
2020-10-16,0.1159
2020-10-17,0.1159
2020-10-18,0.1159
2020-10-19,0.1159
2020-10-20,0.1159
2020-10-21,0.1159
2020-10-22,0.1159
2020-10-23,0.1159
2020-10-24,0.1159
2020-10-25,0.1159
2020-10-26,0.1159
2020-10-27,0.1159
2020-10-28,0.1159
2020-11-01,0.1159
2020-11-02,0.1159
2020-11-03,0.1159
2020-11-04,0.1159
2020-11-05,0.1159
2020-11-06,0.1159
2020-11-07,0.1159
2020-11-08,0.1159
2020-11-09,0.1159
2020-11-10,0.1159
2020-11-11,0.1159
2020-11-12,0.1159
2020-11-13,0.1159
2020-11-14,0.1159
2020-11-15,0.1159
2020-11-16,0.1159
2020-11-17,0.1159
2020-11-18,0.1159
2020-11-19,0.1159
2020-11-20,0.1159
2020-11-21,0.1159
2020-11-22,0.1159
2020-11-23,0.1159
2020-11-24,0.1159
2020-11-25,0.1159
2020-11-26,0.1159
2020-11-27,0.1159
2020-11-28,0.1159
2020-12-01,0.1159
2020-12-02,0.1159
2020-12-03,0.1159
2020-12-04,0.1159
2020-12-05,0.1159
2020-12-06,0.1159
2020-12-07,0.1159
2020-12-08,0.1159
2020-12-09,0.1159
2020-12-10,0.1159
2020-12-11,0.1159
2020-12-12,0.1159
2020-12-13,0.1159
2020-12-14,0.1159
2020-12-15,0.1159
2020-12-16,0.1159
2020-12-17,0.1159
2020-12-18,0.1159
2020-12-19,0.1159
2020-12-20,0.1159
2020-12-21,0.1159
2020-12-22,0.1159
2020-12-23,0.1159
2020-12-24,0.1159
2020-12-25,0.1159
2020-12-26,0.1159
2020-12-27,0.1159
2020-12-28,0.1159
2021-01-01,0.1159
2021-01-02,0.1159
2021-01-03,0.1159
2021-01-04,0.1159
2021-01-05,0.1159
2021-01-06,0.1159
2021-01-07,0.1159
2021-01-08,0.1159
2021-01-09,0.1159
2021-01-10,0.1159
2021-01-11,0.1159
2021-01-12,0.1159
2021-01-13,0.1159
2021-01-14,0.1159
2021-01-15,0.1159
2021-01-16,0.1159
2021-01-17,0.1159
2021-01-18,0.1159
2021-01-19,0.1159
2021-01-20,0.1159
2021-01-21,0.1159
2021-01-22,0.1159
2021-01-23,0.1159
2021-01-24,0.1159
2021-01-25,0.1159
2021-01-26,0.1159
2021-01-27,0.1159
2021-01-28,0.1159
2021-02-01,0.1159
2021-02-02,0.1159
2021-02-03,0.1159
2021-02-04,0.1159
2021-02-05,0.1159
2021-02-06,0.1159
2021-02-07,0.1159
2021-02-08,0.1159
2021-02-09,0.1159
2021-02-10,0.1159
2021-02-11,0.1159
2021-02-12,0.1159
2021-02-13,0.1159
2021-02-14,0.1159
2021-02-15,0.1159
2021-02-16,0.1159
2021-02-17,0.1159
2021-02-18,0.1159
2021-02-19,0.1159
2021-02-20,0.1159
2021-02-21,0.1159
2021-02-22,0.1159
2021-02-23,0.1159
2021-02-24,0.1159
2021-02-25,0.1159
2021-02-26,0.1159
2021-02-27,0.1159
2021-02-28,0.1159
2021-03-01,0.1159
2021-03-02,0.1159
2021-03-03,0.1159
2021-03-04,0.1159
2021-03-05,0.1159
2021-03-06,0.1159
2021-03-07,0.1159
2021-03-08,0.1159
2021-03-09,0.1159
2021-03-10,0.1159
2021-03-11,0.1159
2021-03-12,0.1159
2021-03-13,0.1159
2021-03-14,0.1159
2021-03-15,0.1159
2021-03-16,0.1159
2021-03-17,0.1159
2021-03-18,0.1159
2021-03-19,0.1159
2021-03-20,0.1159
2021-03-21,0.1159
2021-03-22,0.1159
2021-03-23,0.1159
2021-03-24,0.1159
2021-03-25,0.1159
2021-03-26,0.1159
2021-03-27,0.1159
2021-03-28,0.1159
2021-04-01,0.1159
2021-04-02,0.1159
2021-04-03,0.1159
2021-04-04,0.1159
2021-04-05,0.1159
2021-04-06,0.1159
2021-04-07,0.1159
2021-04-08,0.1159
2021-04-09,0.1159
2021-04-10,0.1159
2021-04-11,0.1159
2021-04-12,0.1159
2021-04-13,0.1159
2021-04-14,0.1159
2021-04-15,0.1159
2021-04-16,0.1159
2021-04-17,0.1159
2021-04-18,0.159
2021-04-19,0.159
2021-04-20,0.159
2021-04-21,0.159
2021-04-22,0.159
2021-04-23,0.159
2021-04-24,0.159
2021-04-25,0.159
2021-04-26,0.159
2021-04-27,0.159
2021-04-28,0.159
2021-05-01,0.159
2021-05-02,0.159
2021-05-03,0.159
2021-05-04,0.159
2021-05-05,0.159
2021-05-06,0.159
2021-05-07,0.159
2021-05-08,0.159
2021-05-09,0.159
2021-05-10,0.159
2021-05-11,0.159
2021-05-12,0.159
2021-05-13,0.159
2021-05-14,0.159
2021-05-15,0.159
2021-05-16,0.159
2021-05-17,0.159
2021-05-18,0.159
2021-05-19,0.159
2021-05-20,0.159
2021-05-21,0.159
2021-05-22,0.159
2021-05-23,0.159
2021-05-24,0.159
2021-05-25,0.159
2021-05-26,0.159
2021-05-27,0.159
2021-05-28,0.159
2021-06-01,0.159
2021-06-02,0.159
2021-06-03,0.159
2021-06-04,0.159
2021-06-05,0.159
2021-06-06,0.2019
2021-06-07,0.2019
2021-06-08,0.2019
2021-06-09,0.2019
2021-06-10,0.2019
2021-06-11,0.2019
2021-06-12,0.2019
2021-06-13,0.2019
2021-06-14,0.2019
2021-06-15,0.2019
2021-06-16,0.2019
2021-06-17,0.2019
2021-06-18,0.2019
2021-06-19,0.2019
2021-06-20,0.2019
2021-06-21,0.2019
2021-06-22,0.2019
2021-06-23,0.2019
2021-06-24,0.2019
2021-06-25,0.2019
2021-06-26,0.2019
2021-06-27,0.2019
2021-06-28,0.2019
2021-07-01,0.2019
2021-07-02,0.2019
2021-07-03,0.2019
2021-07-04,0.2019
2021-07-05,0.2019
2021-07-06,0.2019
2021-07-07,0.2019
2021-07-08,0.2019
2021-07-09,0.2019
2021-07-10,0.2019
2021-07-11,0.2019
2021-07-12,0.2019
2021-07-13,0.2019
2021-07-14,0.2019
2021-07-15,0.2019
2021-07-16,0.2019
2021-07-17,0.2446
2021-07-18,0.2446
2021-07-19,0.2446
2021-07-20,0.2446
2021-07-21,0.2446
2021-07-22,0.2446
2021-07-23,0.2446
2021-07-24,0.2446
2021-07-25,0.2446
2021-07-26,0.2446
2021-07-27,0.2446
2021-07-28,0.2446
2021-08-01,0.2446
2021-08-02,0.2446
2021-08-03,0.2446
2021-08-04,0.2446
2021-08-05,0.2446
2021-08-06,0.2446
2021-08-07,0.2446
2021-08-08,0.2446
2021-08-09,0.2446
2021-08-10,0.2446
2021-08-11,0.2446
2021-08-12,0.2446
2021-08-13,0.2446
2021-08-14,0.2446
2021-08-15,0.2446
2021-08-16,0.2446
2021-08-17,0.2446
2021-08-18,0.2446
2021-08-19,0.2446
2021-08-20,0.2446
2021-08-21,0.2446
2021-08-22,0.2446
2021-08-23,0.2446
2021-08-24,0.2446
2021-08-25,0.2446
2021-08-26,0.2446
2021-08-27,0.2446
2021-08-28,0.2446
2021-09-01,0.2446
2021-09-02,0.2446
2021-09-03,0.2446
2021-09-04,0.2446
2021-09-05,0.3012
2021-09-06,0.3012
2021-09-07,0.3012
2021-09-08,0.3012
2021-09-09,0.3012
2021-09-10,0.3012
2021-09-11,0.3012
2021-09-12,0.3012
2021-09-13,0.3012
2021-09-14,0.3012
2021-09-15,0.3012
2021-09-16,0.3012
2021-09-17,0.3012
2021-09-18,0.3012
2021-09-19,0.3012
2021-09-20,0.3012
2021-09-21,0.3012
2021-09-22,0.3012
2021-09-23,0.3012
2021-09-24,0.3012
2021-09-25,0.3012
2021-09-26,0.3012
2021-09-27,0.3012
2021-09-28,0.3012
2021-10-01,0.3012
2021-10-02,0.3012
2021-10-03,0.3012
2021-10-04,0.3012
2021-10-05,0.3012
2021-10-06,0.3012
2021-10-07,0.3012
2021-10-08,0.3012
2021-10-09,0.3012
2021-10-10,0.3012
2021-10-11,0.3012
2021-10-12,0.3012
2021-10-13,0.3012
2021-10-14,0.3012
2021-10-15,0.3012
2021-10-16,0.3012
2021-10-17,0.3012
2021-10-18,0.3012
2021-10-19,0.3012
2021-10-20,0.3012
2021-10-21,0.3012
2021-10-22,0.3012
2021-10-23,0.3575
2021-10-24,0.3575
2021-10-25,0.3575
2021-10-26,0.3575
2021-10-27,0.3575
2021-10-28,0.3575
2021-11-01,0.3575
2021-11-02,0.3575
2021-11-03,0.3575
2021-11-04,0.3575
2021-11-05,0.3575
2021-11-06,0.3575
2021-11-07,0.3575
2021-11-08,0.3575
2021-11-09,0.3575
2021-11-10,0.3575
2021-11-11,0.3575
2021-11-12,0.3575
2021-11-13,0.3575
2021-11-14,0.3575
2021-11-15,0.3575
2021-11-16,0.3575
2021-11-17,0.3575
2021-11-18,0.3575
2021-11-19,0.3575
2021-11-20,0.3575
2021-11-21,0.3575
2021-11-22,0.3575
2021-11-23,0.3575
2021-11-24,0.3575
2021-11-25,0.3575
2021-11-26,0.3575
2021-11-27,0.3575
2021-11-28,0.4412
2021-12-01,0.4412
2021-12-02,0.4412
2021-12-03,0.4412
2021-12-04,0.4412
2021-12-05,0.4412
2021-12-06,0.4412
2021-12-07,0.4412
2021-12-08,0.4412
2021-12-09,0.4412
2021-12-10,0.4412
2021-12-11,0.4412
2021-12-12,0.4412
2021-12-13,0.4412
2021-12-14,0.4412
2021-12-15,0.4412
2021-12-16,0.4556
2021-12-17,0.4578
2021-12-18,0.4586
2021-12-19,0.4412
2021-12-20,0.4412
2021-12-21,0.4412
2021-12-22,0.457
2021-12-23,0.4583
2021-12-24,0.4607
2021-12-25,0.462
2021-12-26,0.4412
2021-12-27,0.4412
2021-12-28,0.4412
2022-01-01,0.4902
2022-01-02,0.4739
2022-01-03,0.4572
2022-01-04,0.4626
2022-01-05,0.489
2022-01-06,0.5154
2022-01-07,0.5249
2022-01-08,0.5237
2022-01-09,0.5655
2022-01-10,0.5438
2022-01-11,0.5471
2022-01-12,0.5732
2022-01-13,0.5992
2022-01-14,0.6029
2022-01-15,0.6042
2022-01-16,0.5839
2022-01-17,0.55
2022-01-18,0.5539
2022-01-19,0.59
2022-01-20,0.6162
2022-01-21,0.6201
2022-01-22,0.6147
2022-01-23,0.591
2022-01-24,0.5691
2022-01-25,0.5739
2022-01-26,0.6002
2022-01-27,0.6265
2022-01-28,0.6319
2022-02-01,0.5608
2022-02-02,0.5872
2022-02-03,0.6138
2022-02-04,0.6158
2022-02-05,0.6146
2022-02-06,0.5908
2022-02-07,0.566
2022-02-08,0.5677
2022-02-09,0.5946
2022-02-10,0.6215
2022-02-11,0.6249
2022-02-12,0.6255
2022-02-13,0.6
2022-02-14,0.5751
2022-02-15,0.5764
2022-02-16,0.6036
2022-02-17,0.631
2022-02-18,0.6324
2022-02-19,0.634
2022-02-20,0.6107
2022-02-21,0.5845
2022-02-22,0.5877
2022-02-23,0.6156
2022-02-24,0.6435
2022-02-25,0.6443
2022-02-26,0.6371
2022-02-27,0.6119
2022-02-28,0.548
2022-03-01,0.5
2022-03-02,0.5
2022-03-03,0.5
2022-03-04,0.5
2022-03-05,0.5
2022-03-06,0.5
2022-03-07,0.5
2022-03-08,0.5
2022-03-09,0.5
2022-03-10,0.5
2022-03-11,0.5
2022-03-12,0.5
2022-03-13,0.5
2022-03-14,0.5
2022-03-15,0.5
2022-03-16,0.5
2022-03-17,0.5
2022-03-18,0.5
2022-03-19,0.5
2022-03-20,0.5
2022-03-21,0.5
2022-03-22,0.5
2022-03-23,0.5
2022-03-24,0.5
2022-03-25,0.5
2022-03-26,0.5
2022-03-27,0.5
2022-03-28,0.5
2022-04-01,0.5976
2022-04-02,0.6304
2022-04-03,0.5997
2022-04-04,0.5673
2022-04-05,0.5779
2022-04-06,0.6017
2022-04-07,0.6355
2022-04-08,0.6393
2022-04-09,0.6422
2022-04-10,0.6129
2022-04-11,0.5855
2022-04-12,0.5938
2022-04-13,0.6274
2022-04-14,0.6513
2022-04-15,0.6559
2022-04-16,0.626
2022-04-17,0.6063
2022-04-18,0.5748
2022-04-19,0.5762
2022-04-20,0.6095
2022-04-21,0.6329
2022-04-22,0.6021
2022-04-23,0.6046
2022-04-24,0.5839
2022-04-25,0.5512
2022-04-26,0.5524
2022-04-27,0.5856
2022-04-28,0.6089
2022-05-01,0.5558
2022-05-02,0.5243
2022-05-03,0.5577
2022-05-04,0.5809
2022-05-05,0.5805
2022-05-06,0.5822
2022-05-07,0.5842
2022-05-08,0.5614
2022-05-09,0.5325
2022-05-10,0.5661
2022-05-11,0.5898
2022-05-12,0.5924
2022-05-13,0.5937
2022-05-14,0.5933
2022-05-15,0.5598
2022-05-16,0.5598
2022-05-17,0.5938
2022-05-18,0.6277
2022-05-19,0.6286
2022-05-20,0.6308
2022-05-21,0.6309
2022-05-22,0.6309
2022-05-23,0.5973
2022-05-24,0.6215
2022-05-25,0.6557
2022-05-26,0.6546
2022-05-27,0.6576
2022-05-28,0.6617
2022-06-01,0.6671
2022-06-02,0.6919
2022-06-03,0.6914
2022-06-04,0.6947
2022-06-05,0.6646
2022-06-06,0.6408
2022-06-07,0.6411
2022-06-08,0.666
2022-06-09,0.7011
2022-06-10,0.7013
2022-06-11,0.7033
2022-06-12,0.6672
2022-06-13,0.6414
2022-06-14,0.6425
2022-06-15,0.6674
2022-06-16,0.7025
2022-06-17,0.6692
2022-06-18,0.6697
2022-06-19,0.6441
2022-06-20,0.6084
2022-06-21,0.6067
2022-06-22,0.6418
2022-06-23,0.6667
2022-06-24,0.6724
2022-06-25,0.6719
2022-06-26,0.6462
2022-06-27,0.6112
2022-06-28,0.6118
2022-07-01,0.6491
2022-07-02,0.6519
2022-07-03,0.6162
2022-07-04,0.5828
2022-07-05,0.6195
2022-07-06,0.6462
2022-07-07,0.6491
2022-07-08,0.6509
2022-07-09,0.652
2022-07-10,0.626
2022-07-11,0.595
2022-07-12,0.6218
2022-07-13,0.6588
2022-07-14,0.6602
2022-07-15,0.6652
2022-07-16,0.6643
2022-07-17,0.6643
2022-07-18,0.6279
2022-07-19,0.6648
2022-07-20,0.6917
2022-07-21,0.6933
2022-07-22,0.6924
2022-07-23,0.6929
2022-07-24,0.6676
2022-07-25,0.6332
2022-07-26,0.6701
2022-07-27,0.6972
2022-07-28,0.6972
2022-08-01,0.6639
2022-08-02,0.6643
2022-08-03,0.7013
2022-08-04,0.7284
2022-08-05,0.7281
2022-08-06,0.7278
2022-08-07,0.7008
2022-08-08,0.6642
2022-08-09,0.6659
2022-08-10,0.7031
2022-08-11,0.7303
2022-08-12,0.7307
2022-08-13,0.7324
2022-08-14,0.7058
2022-08-15,0.6696
2022-08-16,0.671
2022-08-17,0.7083
2022-08-18,0.7358
2022-08-19,0.7373
2022-08-20,0.7372
2022-08-21,0.71
2022-08-22,0.6724
2022-08-23,0.673
2022-08-24,0.7105
2022-08-25,0.7381
2022-08-26,0.7385
2022-08-27,0.7386
2022-08-28,0.7132
2022-09-01,0.7421
2022-09-02,0.742
2022-09-03,0.7432
2022-09-04,0.7083
2022-09-05,0.6804
2022-09-06,0.681
2022-09-07,0.7088
2022-09-08,0.7088
2022-09-09,0.7075
2022-09-10,0.7075
2022-09-11,0.6798
2022-09-12,0.6521
2022-09-13,0.6526
2022-09-14,0.6803
2022-09-15,0.7082
2022-09-16,0.7084
2022-09-17,0.7086
2022-09-18,0.6793
2022-09-19,0.6524
2022-09-20,0.6524
2022-09-21,0.6801
2022-09-22,0.7079
2022-09-23,0.7087
2022-09-24,0.7087
2022-09-25,0.6809
2022-09-26,0.6527
2022-09-27,0.643
2022-09-28,0.6808
2022-10-01,0.6814
2022-10-02,0.6432
2022-10-03,0.6152
2022-10-04,0.643
2022-10-05,0.6809
2022-10-06,0.6809
2022-10-07,0.6817
2022-10-08,0.7097
2022-10-09,0.6818
2022-10-10,0.644
2022-10-11,0.6819
2022-10-12,0.7097
2022-10-13,0.6819
2022-10-14,0.683
2022-10-15,0.6835
2022-10-16,0.647
2022-10-17,0.6198
2022-10-18,0.6477
2022-10-19,0.6859
2022-10-20,0.685
2022-10-21,0.6845
2022-10-22,0.6824
2022-10-23,0.6512
2022-10-24,0.6142
2022-10-25,0.652
2022-10-26,0.6797
2022-10-27,0.6779
2022-10-28,0.6777
2022-11-01,0.6501
2022-11-02,0.6778
2022-11-03,0.6778
2022-11-04,0.6789
2022-11-05,0.6796
2022-11-06,0.652
2022-11-07,0.6136
2022-11-08,0.6137
2022-11-09,0.6514
2022-11-10,0.679
2022-11-11,0.6811
2022-11-12,0.6798
2022-11-13,0.6798
2022-11-14,0.6516
2022-11-15,0.6515
2022-11-16,0.6515
2022-11-17,0.6791
2022-11-18,0.6789
2022-11-19,0.6794
2022-11-20,0.6513
2022-11-21,0.6143
2022-11-22,0.6147
2022-11-23,0.6524
2022-11-24,0.6801
2022-11-25,0.6794
2022-11-26,0.6791
2022-11-27,0.6516
2022-11-28,0.6136
2022-12-01,0.6515
2022-12-02,0.6515
2022-12-03,0.6792
2022-12-04,0.6519
2022-12-05,0.6139
2022-12-06,0.6516
2022-12-07,0.6793
2022-12-08,0.6799
2022-12-09,0.6801
2022-12-10,0.6796
2022-12-11,0.6448
2022-12-12,0.617
2022-12-13,0.6448
2022-12-14,0.6828
2022-12-15,0.6827
2022-12-16,0.7105
2022-12-17,0.7123
2022-12-18,0.6834
2022-12-19,0.6445
2022-12-20,0.6825
2022-12-21,0.7103
2022-12-22,0.7103
2022-12-23,0.7103
2022-12-24,0.7102
2022-12-25,0.6821
2022-12-26,0.6447
2022-12-27,0.6827
2022-12-28,0.7105
2023-01-01,0.7082
2023-01-02,0.6806
2023-01-03,0.68
2023-01-04,0.7076
2023-01-05,0.7452
2023-01-06,0.745
2023-01-07,0.7455
2023-01-08,0.7125
2023-01-09,0.6778
2023-01-10,0.6789
2023-01-11,0.7065
2023-01-12,0.744
2023-01-13,0.7437
2023-01-14,0.7427
2023-01-15,0.7157
2023-01-16,0.6772
2023-01-17,0.6801
2023-01-18,0.7079
2023-01-19,0.7455
2023-01-20,0.7427
2023-01-21,0.7422
2023-01-22,0.7149
2023-01-23,0.677
2023-01-24,0.6782
2023-01-25,0.7156
2023-01-26,0.743
2023-01-27,0.7418
2023-01-28,0.7406
2023-02-01,0.7091
2023-02-02,0.7365
2023-02-03,0.7421
2023-02-04,0.7374
2023-02-05,0.7095
2023-02-06,0.6724
2023-02-07,0.6776
2023-02-08,0.7152
2023-02-09,0.7428
2023-02-10,0.7382
2023-02-11,0.7424
2023-02-12,0.7157
2023-02-13,0.6792
2023-02-14,0.6795
2023-02-15,0.7073
2023-02-16,0.745
2023-02-17,0.7426
2023-02-18,0.7438
2023-02-19,0.7154
2023-02-20,0.6772
2023-02-21,0.6495
2023-02-22,0.6495
2023-02-23,0.6772
2023-02-24,0.6774
2023-02-25,0.6758
2023-02-26,0.646
2023-02-27,0.6084
2023-02-28,0.6118
2023-03-01,0.5834
2023-03-02,0.5848
2023-03-03,0.5832
2023-03-04,0.5835
2023-03-05,0.5835
2023-03-06,0.5835
2023-03-07,0.5834
2023-03-08,0.5831
2023-03-09,0.5828
2023-03-10,0.5829
2023-03-11,0.5837
2023-03-12,0.5837
2023-03-13,0.5837
2023-03-14,0.583
2023-03-15,0.5823
2023-03-16,0.5825
2023-03-17,0.5825
2023-03-18,0.5825
2023-03-19,0.5825
2023-03-20,0.5825
2023-03-21,0.6099
2023-03-22,0.6474
2023-03-23,0.6481
2023-03-24,0.6477
2023-03-25,0.6474
2023-03-26,0.6474
2023-03-27,0.6474
2023-03-28,0.6475
2023-04-01,0.7404
2023-04-02,0.7129
2023-04-03,0.6752
2023-04-04,0.6751
2023-04-05,0.7125
2023-04-06,0.74
2023-04-07,0.7393
2023-04-08,0.7097
2023-04-09,0.6729
2023-04-10,0.6481
2023-04-11,0.6452
2023-04-12,0.6727
2023-04-13,0.7099
2023-04-14,0.7074
2023-04-15,0.7098
2023-04-16,0.6724
2023-04-17,0.6452
2023-04-18,0.6445
2023-04-19,0.6719
2023-04-20,0.7092
2023-04-21,0.7099
2023-04-22,0.6721
2023-04-23,0.6461
2023-04-24,0.6081
2023-04-25,0.6083
2023-04-26,0.6458
2023-04-27,0.6733
2023-04-28,0.6742
2023-05-01,0.5825
2023-05-02,0.5825
2023-05-03,0.6099
2023-05-04,0.6102
2023-05-05,0.6112
2023-05-06,0.6113
2023-05-07,0.5839
2023-05-08,0.5839
2023-05-09,0.6114
2023-05-10,0.6489
2023-05-11,0.649
2023-05-12,0.649
2023-05-13,0.649
2023-05-14,0.6117
2023-05-15,0.5844
2023-05-16,0.612
2023-05-17,0.6495
2023-05-18,0.6499
2023-05-19,0.6499
2023-05-20,0.6498
2023-05-21,0.6126
2023-05-22,0.6126
2023-05-23,0.6501
2023-05-24,0.6778
2023-05-25,0.6767
2023-05-26,0.6774
2023-05-27,0.6777
2023-05-28,0.6503
2023-06-01,0.7158
2023-06-02,0.7435
2023-06-03,0.7442
2023-06-04,0.7064
2023-06-05,0.6788
2023-06-06,0.6787
2023-06-07,0.7065
2023-06-08,0.7442
2023-06-09,0.7066
2023-06-10,0.707
2023-06-11,0.6794
2023-06-12,0.6525
2023-06-13,0.6522
2023-06-14,0.6799
2023-06-15,0.7078
2023-06-16,0.7079
2023-06-17,0.7082
2023-06-18,0.6809
2023-06-19,0.6427
2023-06-20,0.6523
2023-06-21,0.68
2023-06-22,0.7078
2023-06-23,0.7088
2023-06-24,0.7091
2023-06-25,0.6811
2023-06-26,0.6524
2023-06-27,0.6429
2023-06-28,0.6808
2023-07-01,0.6808
2023-07-02,0.6434
2023-07-03,0.6158
2023-07-04,0.6526
2023-07-05,0.6793
2023-07-06,0.6784
2023-07-07,0.6774
2023-07-08,0.6751
2023-07-09,0.6751
2023-07-10,0.6475
2023-07-11,0.6742
2023-07-12,0.7107
2023-07-13,0.7091
2023-07-14,0.7067
2023-07-15,0.706
