value,timestamp,anomaly
0.2743139658150909,2022-02-17 00:00:00,False
0.2429505858798865,2022-02-17 00:30:00,False
0.3128332042659085,2022-02-17 01:00:00,False
0.3113431900043948,2022-02-17 01:30:00,False
0.3794441793148235,2022-02-17 02:00:00,False
0.3517876791471024,2022-02-17 02:30:00,False
0.3038118799199807,2022-02-17 03:00:00,False
0.2783693445947874,2022-02-17 03:30:00,False
0.2739092424113254,2022-02-17 04:00:00,False
0.2829054098237633,2022-02-17 04:30:00,False
0.2831912541383187,2022-02-17 05:00:00,False
0.2932909877005388,2022-02-17 05:30:00,False
0.8393583167186551,2022-02-17 06:00:00,True
0.2647209494177033,2022-02-17 06:30:00,False
0.2801246249465701,2022-02-17 07:00:00,False
0.3344764289508271,2022-02-17 07:30:00,False
0.3125831002429882,2022-02-17 08:00:00,False
0.2391184278478512,2022-02-17 08:30:00,False
0.3093718732200378,2022-02-17 09:00:00,False
0.2905728650315751,2022-02-17 09:30:00,False
0.2871281801778885,2022-02-17 10:00:00,False
0.2977835867601036,2022-02-17 10:30:00,False
0.2885914058046059,2022-02-17 11:00:00,False
0.3054000167480141,2022-02-17 11:30:00,False
0.2512473641689716,2022-02-17 12:00:00,False
0.3337389439736527,2022-02-17 12:30:00,False
0.3147879507991148,2022-02-17 13:00:00,False
0.2890967445428683,2022-02-17 13:30:00,False
-0.9730150790945208,2022-02-17 14:00:00,True
0.3174991484868195,2022-02-17 14:30:00,False
0.2858664070893438,2022-02-17 15:00:00,False
0.2828421796056615,2022-02-17 15:30:00,False
0.2492219123524282,2022-02-17 16:00:00,False
0.3916716887412587,2022-02-17 16:30:00,False
0.3134751076745108,2022-02-17 17:00:00,False
0.2749597210499378,2022-02-17 17:30:00,False
0.3269158192629963,2022-02-17 18:00:00,False
0.2998716555353197,2022-02-17 18:30:00,False
,2022-02-17 19:00:00,False
0.3143660064879162,2022-02-17 19:30:00,False
0.3133435141376832,2022-02-17 20:00:00,False
0.2620012728343596,2022-02-17 20:30:00,False
0.3070273426192392,2022-02-17 21:00:00,False
0.321387762744574,2022-02-17 21:30:00,False
0.2884758911469859,2022-02-17 22:00:00,False
0.3572798955784192,2022-02-17 22:30:00,False
0.323162223107804,2022-02-17 23:00:00,False
0.3292381179128841,2022-02-17 23:30:00,False
0.1854232141763143,2022-02-18 00:00:00,False
0.1872948190563248,2022-02-18 00:30:00,False
0.1985129142248103,2022-02-18 01:00:00,False
0.1934734548431848,2022-02-18 01:30:00,False
0.2240532502609075,2022-02-18 02:00:00,False
0.1542893512792558,2022-02-18 02:30:00,False
0.1731556186423863,2022-02-18 03:00:00,False
0.2022395373716932,2022-02-18 03:30:00,False
0.1828690946174121,2022-02-18 04:00:00,False
0.15007548543962,2022-02-18 04:30:00,False
-0.746255241227251,2022-02-18 05:00:00,True
0.2077211442549344,2022-02-18 05:30:00,False
0.1752289779375536,2022-02-18 06:00:00,False
0.2106030494906719,2022-02-18 06:30:00,False
0.1884912776218377,2022-02-18 07:00:00,False
0.1935140646198761,2022-02-18 07:30:00,False
0.2053732421645851,2022-02-18 08:00:00,False
0.1763836547161238,2022-02-18 08:30:00,False
0.2020068285696502,2022-02-18 09:00:00,False
0.1617824064374914,2022-02-18 09:30:00,False
0.2010619022667037,2022-02-18 10:00:00,False
0.1700004252085206,2022-02-18 10:30:00,False
0.1831557658769163,2022-02-18 11:00:00,False
-0.7036570021647794,2022-02-18 11:30:00,True
0.2064422516260328,2022-02-18 12:00:00,False
0.2140285387626475,2022-02-18 12:30:00,False
0.1773670636523089,2022-02-18 13:00:00,False
0.1879826876485542,2022-02-18 13:30:00,False
0.1979183209130589,2022-02-18 14:00:00,False
0.169833671004838,2022-02-18 14:30:00,False
0.1714342221749199,2022-02-18 15:00:00,False
0.2184829863409048,2022-02-18 15:30:00,False
0.1864058405814561,2022-02-18 16:00:00,False
0.2040869907561017,2022-02-18 16:30:00,False
,2022-02-18 17:00:00,False
0.1844488320765202,2022-02-18 17:30:00,False
0.2019588054810798,2022-02-18 18:00:00,False
0.1897112799374218,2022-02-18 18:30:00,False
0.1926422833131137,2022-02-18 19:00:00,False
0.180524290749316,2022-02-18 19:30:00,False
0.1869748658748125,2022-02-18 20:00:00,False
0.1894702475764052,2022-02-18 20:30:00,False
0.180923341946223,2022-02-18 21:00:00,False
0.1835808070185118,2022-02-18 21:30:00,False
,2022-02-18 22:00:00,False
0.1805507249826022,2022-02-18 22:30:00,False
0.1774325218092397,2022-02-18 23:00:00,False
0.1939040244178613,2022-02-18 23:30:00,False
0.1147464313454871,2022-02-19 00:00:00,False
0.1312674714365863,2022-02-19 00:30:00,False
0.1159681595492822,2022-02-19 01:00:00,False
0.1198422001332557,2022-02-19 01:30:00,False
0.0937567241757118,2022-02-19 02:00:00,False
0.111317464230467,2022-02-19 02:30:00,False
0.1086324287432609,2022-02-19 03:00:00,False
0.1149429850909689,2022-02-19 03:30:00,False
0.1256639170273616,2022-02-19 04:00:00,False
0.113869744640685,2022-02-19 04:30:00,False
0.9052854752801957,2022-02-19 05:00:00,True
0.1295184433132696,2022-02-19 05:30:00,False
-0.8338374683110512,2022-02-19 06:00:00,True
,2022-02-19 06:30:00,False
0.1075288419080644,2022-02-19 07:00:00,False
0.1257597954192324,2022-02-19 07:30:00,False
0.1249278484251494,2022-02-19 08:00:00,False
0.1028939359463118,2022-02-19 08:30:00,False
0.1101096435395055,2022-02-19 09:00:00,False
,2022-02-19 09:30:00,False
0.1139714006174735,2022-02-19 10:00:00,False
,2022-02-19 10:30:00,False
0.1220546093213925,2022-02-19 11:00:00,False
0.1081214133242177,2022-02-19 11:30:00,False
0.1123652078540783,2022-02-19 12:00:00,False
0.1075708736893259,2022-02-19 12:30:00,False
0.1119055423268945,2022-02-19 13:00:00,False
0.1118358451490716,2022-02-19 13:30:00,False
0.123766196261822,2022-02-19 14:00:00,False
0.1149238685058391,2022-02-19 14:30:00,False
0.1197916976163304,2022-02-19 15:00:00,False
0.1387237982734511,2022-02-19 15:30:00,False
0.1100510529303724,2022-02-19 16:00:00,False
0.1026993871432253,2022-02-19 16:30:00,False
0.1113954884144493,2022-02-19 17:00:00,False
0.1170905078582386,2022-02-19 17:30:00,False
0.1034276539690997,2022-02-19 18:00:00,False
,2022-02-19 18:30:00,False
0.0966731133224573,2022-02-19 19:00:00,False
0.1193296922864072,2022-02-19 19:30:00,False
0.1025708970378355,2022-02-19 20:00:00,False
0.1311346401927252,2022-02-19 20:30:00,False
0.0927896539677971,2022-02-19 21:00:00,False
0.1276149925168497,2022-02-19 21:30:00,False
0.1066308039323099,2022-02-19 22:00:00,False
0.1227840752367699,2022-02-19 22:30:00,False
0.1081362487080046,2022-02-19 23:00:00,False
0.1146941071438555,2022-02-19 23:30:00,False
0.1446837070104588,2022-02-20 00:00:00,False
0.1418794531489606,2022-02-20 00:30:00,False
0.1371870314308163,2022-02-20 01:00:00,False
0.1333868990458276,2022-02-20 01:30:00,False
0.1682654343518335,2022-02-20 02:00:00,False
0.1221797775913766,2022-02-20 02:30:00,False
0.1404282613450053,2022-02-20 03:00:00,False
0.1055156063875218,2022-02-20 03:30:00,False
0.1390061979399764,2022-02-20 04:00:00,False
0.148154623992777,2022-02-20 04:30:00,False
0.4450133202678232,2022-02-20 05:00:00,True
0.1478242156850806,2022-02-20 05:30:00,False
0.1203011989253571,2022-02-20 06:00:00,False
0.1540488852609516,2022-02-20 06:30:00,False
0.1457598300403157,2022-02-20 07:00:00,False
0.1291121989527289,2022-02-20 07:30:00,False
0.1531642312283562,2022-02-20 08:00:00,False
0.146583107169907,2022-02-20 08:30:00,False
0.156264554339056,2022-02-20 09:00:00,False
,2022-02-20 09:30:00,False
0.1781341286466931,2022-02-20 10:00:00,False
0.1605620964670658,2022-02-20 10:30:00,False
0.1434145507249647,2022-02-20 11:00:00,False
-0.0494756158196671,2022-02-20 11:30:00,True
0.1501974609236409,2022-02-20 12:00:00,False
0.1422160499884724,2022-02-20 12:30:00,False
0.1457796139645012,2022-02-20 13:00:00,False
0.1387278978219928,2022-02-20 13:30:00,False
0.1437440722165497,2022-02-20 14:00:00,False
0.167423334553334,2022-02-20 14:30:00,False
0.1381860932153598,2022-02-20 15:00:00,False
-0.2544585460421251,2022-02-20 15:30:00,True
0.110931099177202,2022-02-20 16:00:00,False
0.1414685703810128,2022-02-20 16:30:00,False
0.1330315275613191,2022-02-20 17:00:00,False
0.1377462336256199,2022-02-20 17:30:00,False
0.1419443458432615,2022-02-20 18:00:00,False
0.1560768454980638,2022-02-20 18:30:00,False
0.1411187492882092,2022-02-20 19:00:00,False
0.1252951814132446,2022-02-20 19:30:00,False
0.1321828668248755,2022-02-20 20:00:00,False
,2022-02-20 20:30:00,False
0.1251923007549944,2022-02-20 21:00:00,False
0.1487838146720446,2022-02-20 21:30:00,False
0.1585081012400538,2022-02-20 22:00:00,False
,2022-02-20 22:30:00,False
0.1587038047497605,2022-02-20 23:00:00,False
0.1374149235208838,2022-02-20 23:30:00,False
0.258809629131993,2022-02-21 00:00:00,False
0.238040953691448,2022-02-21 00:30:00,False
0.286148785512533,2022-02-21 01:00:00,False
0.2112191440883737,2022-02-21 01:30:00,False
0.3015857591261822,2022-02-21 02:00:00,False
0.2746030079166911,2022-02-21 02:30:00,False
0.2837728317482799,2022-02-21 03:00:00,False
0.2855611146166013,2022-02-21 03:30:00,False
0.2615590485594207,2022-02-21 04:00:00,False
0.2871138743639599,2022-02-21 04:30:00,False
0.2667469900516045,2022-02-21 05:00:00,False
0.2600027228799098,2022-02-21 05:30:00,False
0.2764837708490125,2022-02-21 06:00:00,False
0.2467062552090683,2022-02-21 06:30:00,False
,2022-02-21 07:00:00,False
0.2973289416419498,2022-02-21 07:30:00,False
0.2969987083601787,2022-02-21 08:00:00,False
0.2390142161776075,2022-02-21 08:30:00,False
0.2518922922778518,2022-02-21 09:00:00,False
0.2360817609701251,2022-02-21 09:30:00,False
0.2557686360593892,2022-02-21 10:00:00,False
0.2874974040004748,2022-02-21 10:30:00,False
0.2522563065352153,2022-02-21 11:00:00,False
0.2819979523262979,2022-02-21 11:30:00,False
0.2649628847292321,2022-02-21 12:00:00,False
0.2444943179112521,2022-02-21 12:30:00,False
0.2238815102624975,2022-02-21 13:00:00,False
0.2418080303354845,2022-02-21 13:30:00,False
0.2724017503766234,2022-02-21 14:00:00,False
0.27324622344052,2022-02-21 14:30:00,False
0.2861099420763626,2022-02-21 15:00:00,False
0.3211802830954813,2022-02-21 15:30:00,False
,2022-02-21 16:00:00,False
0.2441685583862644,2022-02-21 16:30:00,False
0.2682585397467191,2022-02-21 17:00:00,False
0.3151550452974682,2022-02-21 17:30:00,False
0.249933498328687,2022-02-21 18:00:00,False
0.2843071567769537,2022-02-21 18:30:00,False
0.272230876094389,2022-02-21 19:00:00,False
0.2602480824273048,2022-02-21 19:30:00,False
0.2614546273276734,2022-02-21 20:00:00,False
-0.6144102369746927,2022-02-21 20:30:00,True
0.2673533144105886,2022-02-21 21:00:00,False
0.2638658235811762,2022-02-21 21:30:00,False
0.2786476313390673,2022-02-21 22:00:00,False
0.3087542781471215,2022-02-21 22:30:00,False
0.252315765234235,2022-02-21 23:00:00,False
0.2550139605172805,2022-02-21 23:30:00,False
0.3186016796686757,2022-02-22 00:00:00,False
0.3838400576496117,2022-02-22 00:30:00,False
0.3963012349115261,2022-02-22 01:00:00,False
0.4683824287566883,2022-02-22 01:30:00,False
0.4295140863324171,2022-02-22 02:00:00,False
0.4309434218728952,2022-02-22 02:30:00,False
0.4195582262253217,2022-02-22 03:00:00,False
-0.7738892227573784,2022-02-22 03:30:00,True
0.4242257177326645,2022-02-22 04:00:00,False
0.3707631137396401,2022-02-22 04:30:00,False
,2022-02-22 05:00:00,False
,2022-02-22 05:30:00,False
,2022-02-22 06:00:00,False
0.4107599475796272,2022-02-22 06:30:00,False
0.4131351499071524,2022-02-22 07:00:00,False
0.4002150772530665,2022-02-22 07:30:00,False
0.395486477697058,2022-02-22 08:00:00,False
0.4657537203501281,2022-02-22 08:30:00,False
0.3903887479311562,2022-02-22 09:00:00,False
0.3380885753555331,2022-02-22 09:30:00,False
0.324475506473398,2022-02-22 10:00:00,False
0.4095363535252513,2022-02-22 10:30:00,False
0.39067607742278,2022-02-22 11:00:00,False
0.3567407639102054,2022-02-22 11:30:00,False
0.3885827849320434,2022-02-22 12:00:00,False
0.3141484481554541,2022-02-22 12:30:00,False
0.4447786593445459,2022-02-22 13:00:00,False
0.3918538849370167,2022-02-22 13:30:00,False
0.3174779859078008,2022-02-22 14:00:00,False
0.4078624777879444,2022-02-22 14:30:00,False
0.4024937984453633,2022-02-22 15:00:00,False
0.3656685781654284,2022-02-22 15:30:00,False
0.3721485893031359,2022-02-22 16:00:00,False
0.3795195954150615,2022-02-22 16:30:00,False
0.4001812753911275,2022-02-22 17:00:00,False
0.4148314928852067,2022-02-22 17:30:00,False
,2022-02-22 18:00:00,True
0.3594629531539097,2022-02-22 18:30:00,False
0.3733473287126598,2022-02-22 19:00:00,False
0.3832209422810028,2022-02-22 19:30:00,False
0.3083399856484569,2022-02-22 20:00:00,False
0.3674162606792513,2022-02-22 20:30:00,False
0.4029594698138022,2022-02-22 21:00:00,False
0.373222815027604,2022-02-22 21:30:00,False
,2022-02-22 22:00:00,False
0.4016184497289995,2022-02-22 22:30:00,False
0.3678678366787216,2022-02-22 23:00:00,False
0.4004085038084275,2022-02-22 23:30:00,False
0.4522941216000102,2022-02-23 00:00:00,False
,2022-02-23 00:30:00,False
0.4169300336937205,2022-02-23 01:00:00,False
0.4607872099288084,2022-02-23 01:30:00,False
0.3777317008334614,2022-02-23 02:00:00,False
0.3758857351299285,2022-02-23 02:30:00,False
0.3638290024209334,2022-02-23 03:00:00,False
0.4400501766594599,2022-02-23 03:30:00,False
0.3937463373511788,2022-02-23 04:00:00,False
0.3867778476546444,2022-02-23 04:30:00,False
0.4915814059735758,2022-02-23 05:00:00,False
0.4226272487209738,2022-02-23 05:30:00,False
0.4732102153933335,2022-02-23 06:00:00,False
0.4159862804374147,2022-02-23 06:30:00,False
0.485862844177224,2022-02-23 07:00:00,False
0.3620022913526413,2022-02-23 07:30:00,False
0.3726566152705244,2022-02-23 08:00:00,False
0.3783728986678811,2022-02-23 08:30:00,False
0.4308096033980597,2022-02-23 09:00:00,False
0.40776933094268,2022-02-23 09:30:00,False
,2022-02-23 10:00:00,False
0.3821844399216277,2022-02-23 10:30:00,False
0.4472360673918396,2022-02-23 11:00:00,False
0.4137178161666687,2022-02-23 11:30:00,False
0.6472580624631163,2022-02-23 12:00:00,True
0.4496986655595028,2022-02-23 12:30:00,False
0.3967629112316733,2022-02-23 13:00:00,False
,2022-02-23 13:30:00,False
0.4421533208437002,2022-02-23 14:00:00,False
0.4519938904330573,2022-02-23 14:30:00,False
0.3888754439386471,2022-02-23 15:00:00,False
0.3653197261255875,2022-02-23 15:30:00,False
0.4216308650091805,2022-02-23 16:00:00,False
-0.3189292086214248,2022-02-23 16:30:00,True
0.4108890322814026,2022-02-23 17:00:00,False
0.4129051185869468,2022-02-23 17:30:00,False
0.4076242507327878,2022-02-23 18:00:00,False
-0.7360175336002648,2022-02-23 18:30:00,True
0.3898448729240195,2022-02-23 19:00:00,False
0.4678964930175525,2022-02-23 19:30:00,False
0.4687716329172155,2022-02-23 20:00:00,False
0.4050925672816139,2022-02-23 20:30:00,False
0.3741829352149528,2022-02-23 21:00:00,False
0.427995691234288,2022-02-23 21:30:00,False
0.417657598333981,2022-02-23 22:00:00,False
0.4024047935068325,2022-02-23 22:30:00,False
0.3882077321003295,2022-02-23 23:00:00,False
0.3568377743820352,2022-02-23 23:30:00,False
0.3694930471853665,2022-02-24 00:00:00,False
0.3223345437843993,2022-02-24 00:30:00,False
,2022-02-24 01:00:00,False
0.3272070426570242,2022-02-24 01:30:00,False
0.335954860687453,2022-02-24 02:00:00,False
0.3377220410431611,2022-02-24 02:30:00,False
0.3125238822919604,2022-02-24 03:00:00,False
0.3420982643065697,2022-02-24 03:30:00,False
0.3272842570913354,2022-02-24 04:00:00,False
0.451301363063876,2022-02-24 04:30:00,False
0.3147858620628441,2022-02-24 05:00:00,False
0.3528991069030946,2022-02-24 05:30:00,False
0.3213435252672519,2022-02-24 06:00:00,False
0.3669050540066293,2022-02-24 06:30:00,False
0.3563881298885805,2022-02-24 07:00:00,False
0.3497944044315826,2022-02-24 07:30:00,False
0.3574203038940874,2022-02-24 08:00:00,False
0.4459870951019116,2022-02-24 08:30:00,False
0.3647761504264025,2022-02-24 09:00:00,False
0.3555855244168147,2022-02-24 09:30:00,False
0.2933817880818167,2022-02-24 10:00:00,False
0.4115359283569686,2022-02-24 10:30:00,False
-0.1283253726093407,2022-02-24 11:00:00,True
0.3233525690232338,2022-02-24 11:30:00,False
0.2658419478931949,2022-02-24 12:00:00,False
0.3361467893805504,2022-02-24 12:30:00,False
0.3270574136136155,2022-02-24 13:00:00,False
0.3638549790891205,2022-02-24 13:30:00,False
0.3400550465171895,2022-02-24 14:00:00,False
0.3317041501800338,2022-02-24 14:30:00,False
0.341501029921236,2022-02-24 15:00:00,False
0.3180764533971487,2022-02-24 15:30:00,False
0.3345973599817524,2022-02-24 16:00:00,False
0.3258088515767919,2022-02-24 16:30:00,False
0.3443846250094783,2022-02-24 17:00:00,False
0.2957351872778654,2022-02-24 17:30:00,False
0.3431647096958695,2022-02-24 18:00:00,False
-0.3981646455543699,2022-02-24 18:30:00,True
0.3884973235218372,2022-02-24 19:00:00,False
0.3041083275916605,2022-02-24 19:30:00,False
0.3927548814109464,2022-02-24 20:00:00,False
0.3730902206540316,2022-02-24 20:30:00,False
0.3455153731028369,2022-02-24 21:00:00,False
0.345020388329663,2022-02-24 21:30:00,False
0.1671011274991529,2022-02-24 22:00:00,True
0.3232547059452908,2022-02-24 22:30:00,False
0.369232629032633,2022-02-24 23:00:00,False
0.3356386111066362,2022-02-24 23:30:00,False
0.2197243800957224,2022-02-25 00:00:00,False
0.2207158204489211,2022-02-25 00:30:00,False
0.2084992875081805,2022-02-25 01:00:00,False
0.2363702602379456,2022-02-25 01:30:00,False
0.231734634982795,2022-02-25 02:00:00,False
0.2661078823465205,2022-02-25 02:30:00,False
0.2175981922787773,2022-02-25 03:00:00,False
0.1997569678365133,2022-02-25 03:30:00,False
0.2516403966139363,2022-02-25 04:00:00,False
0.2211147386625862,2022-02-25 04:30:00,False
0.2208526915965775,2022-02-25 05:00:00,False
0.2116539232524155,2022-02-25 05:30:00,False
0.2238249303677074,2022-02-25 06:00:00,False
-0.7846070814478279,2022-02-25 06:30:00,True
0.1900216704548482,2022-02-25 07:00:00,False
0.2215145826270027,2022-02-25 07:30:00,False
0.1912955931931315,2022-02-25 08:00:00,False
0.1771974416890809,2022-02-25 08:30:00,False
0.2032366842980676,2022-02-25 09:00:00,False
,2022-02-25 09:30:00,False
0.226484314074616,2022-02-25 10:00:00,False
,2022-02-25 10:30:00,False
0.2372773026583631,2022-02-25 11:00:00,False
0.2031801912856859,2022-02-25 11:30:00,False
0.200473322598406,2022-02-25 12:00:00,False
0.2542344785319418,2022-02-25 12:30:00,False
0.2564212719539486,2022-02-25 13:00:00,False
0.2054422685863004,2022-02-25 13:30:00,False
0.1676487399216122,2022-02-25 14:00:00,False
0.201987406558476,2022-02-25 14:30:00,False
,2022-02-25 15:00:00,False
0.2189797543640506,2022-02-25 15:30:00,False
0.2432577895109209,2022-02-25 16:00:00,False
0.2260743843885698,2022-02-25 16:30:00,False
0.2315517855838723,2022-02-25 17:00:00,False
0.2203987414499226,2022-02-25 17:30:00,False
0.2075833115322288,2022-02-25 18:00:00,False
0.1945870683085595,2022-02-25 18:30:00,False
0.2439445312584679,2022-02-25 19:00:00,False
0.2352506886697998,2022-02-25 19:30:00,False
0.247496529231522,2022-02-25 20:00:00,False
0.2240736835789922,2022-02-25 20:30:00,False
0.2319285385799164,2022-02-25 21:00:00,False
0.249028224818799,2022-02-25 21:30:00,False
0.2107726533924027,2022-02-25 22:00:00,False
0.2182074797999741,2022-02-25 22:30:00,False
-0.7829230802868787,2022-02-25 23:00:00,True
,2022-02-25 23:30:00,False
0.1487363896623508,2022-02-26 00:00:00,False
0.1691624322408726,2022-02-26 00:30:00,False
0.1496878645787735,2022-02-26 01:00:00,False
0.1343821944920697,2022-02-26 01:30:00,False
0.1549368481781979,2022-02-26 02:00:00,False
0.1497540778007516,2022-02-26 02:30:00,False
0.4883720296493583,2022-02-26 03:00:00,True
0.1304319439594521,2022-02-26 03:30:00,False
0.1634511055757458,2022-02-26 04:00:00,False
0.1570121609068967,2022-02-26 04:30:00,False
0.1391034573342459,2022-02-26 05:00:00,False
0.147661245221242,2022-02-26 05:30:00,False
0.1295063902672463,2022-02-26 06:00:00,False
0.1440409989139281,2022-02-26 06:30:00,False
0.1372427192914386,2022-02-26 07:00:00,False
0.1511276277999103,2022-02-26 07:30:00,False
0.1420832594007965,2022-02-26 08:00:00,False
0.1526343670413462,2022-02-26 08:30:00,False
0.1556698149705974,2022-02-26 09:00:00,False
0.1504859163861874,2022-02-26 09:30:00,False
0.1665757563467663,2022-02-26 10:00:00,False
,2022-02-26 10:30:00,False
0.1540901001691255,2022-02-26 11:00:00,False
0.129357726544765,2022-02-26 11:30:00,False
0.1829859471066305,2022-02-26 12:00:00,False
0.1378755275066,2022-02-26 12:30:00,False
0.1422859375263644,2022-02-26 13:00:00,False
0.1388156788771938,2022-02-26 13:30:00,False
0.1477067772079486,2022-02-26 14:00:00,False
0.1635142997350265,2022-02-26 14:30:00,False
0.1541234896156359,2022-02-26 15:00:00,False
0.1485401403382239,2022-02-26 15:30:00,False
0.1369235507623222,2022-02-26 16:00:00,False
0.1483417452082267,2022-02-26 16:30:00,False
0.1441549644331477,2022-02-26 17:00:00,False
0.1506260366516426,2022-02-26 17:30:00,False
0.1252147965411053,2022-02-26 18:00:00,False
0.1570305366139233,2022-02-26 18:30:00,False
0.1411061011117556,2022-02-26 19:00:00,False
0.1398125728368366,2022-02-26 19:30:00,False
0.1565291337751364,2022-02-26 20:00:00,False
0.1649580363237445,2022-02-26 20:30:00,False
0.1353579659521321,2022-02-26 21:00:00,False
0.1525066824038702,2022-02-26 21:30:00,False
0.1740645439653348,2022-02-26 22:00:00,False
,2022-02-26 22:30:00,False
0.1702327565958754,2022-02-26 23:00:00,False
0.1512869954817255,2022-02-26 23:30:00,False
0.1829388609363328,2022-02-27 00:00:00,False
0.1904675662372014,2022-02-27 00:30:00,False
0.1817707372753862,2022-02-27 01:00:00,False
0.1905085552577139,2022-02-27 01:30:00,False
0.1701998208943139,2022-02-27 02:00:00,False
0.202281652695196,2022-02-27 02:30:00,False
,2022-02-27 03:00:00,False
0.1813199977343796,2022-02-27 03:30:00,False
0.1683002299396846,2022-02-27 04:00:00,False
0.1771011671252198,2022-02-27 04:30:00,False
0.1875917466435061,2022-02-27 05:00:00,False
0.1657078804084537,2022-02-27 05:30:00,False
0.1640345787658656,2022-02-27 06:00:00,False
0.1891216284058066,2022-02-27 06:30:00,False
0.1818070234518266,2022-02-27 07:00:00,False
0.1780516859845131,2022-02-27 07:30:00,False
0.1812025191261788,2022-02-27 08:00:00,False
0.1906350997554069,2022-02-27 08:30:00,False
0.0576572794517209,2022-02-27 09:00:00,True
0.1818691647470393,2022-02-27 09:30:00,False
0.2089644910423261,2022-02-27 10:00:00,False
0.1915294523985685,2022-02-27 10:30:00,False
0.1940149920817118,2022-02-27 11:00:00,False
0.191869375556472,2022-02-27 11:30:00,False
0.2007075218892873,2022-02-27 12:00:00,False
0.1624409843484308,2022-02-27 12:30:00,False
0.1934873070699768,2022-02-27 13:00:00,False
0.1772947940742459,2022-02-27 13:30:00,False
0.1802975610077953,2022-02-27 14:00:00,False
0.1861346483458662,2022-02-27 14:30:00,False
0.1858002155096157,2022-02-27 15:00:00,False
0.1873808254480291,2022-02-27 15:30:00,False
0.1815977243474779,2022-02-27 16:00:00,False
0.1758393168840705,2022-02-27 16:30:00,False
0.1728249270225172,2022-02-27 17:00:00,False
0.1975184819317586,2022-02-27 17:30:00,False
0.2092536347755562,2022-02-27 18:00:00,False
0.1552398433980556,2022-02-27 18:30:00,False
0.2047599595592549,2022-02-27 19:00:00,False
0.1886774472126002,2022-02-27 19:30:00,False
0.1858947419127769,2022-02-27 20:00:00,False
-0.5418345782849736,2022-02-27 20:30:00,True
-0.0509916592508203,2022-02-27 21:00:00,True
0.1709625395704528,2022-02-27 21:30:00,False
-0.4386283643395747,2022-02-27 22:00:00,True
0.1860719054088559,2022-02-27 22:30:00,False
0.1700395219095966,2022-02-27 23:00:00,False
0.2049244448836747,2022-02-27 23:30:00,False
0.3254388476130989,2022-02-28 00:00:00,False
0.2486753025561314,2022-02-28 00:30:00,False
0.2954333194563047,2022-02-28 01:00:00,False
,2022-02-28 01:30:00,False
0.2832187062692408,2022-02-28 02:00:00,False
0.3001893941150375,2022-02-28 02:30:00,False
0.2823604047856788,2022-02-28 03:00:00,False
0.2674695007206683,2022-02-28 03:30:00,False
0.2101297459740129,2022-02-28 04:00:00,False
0.3055550822010469,2022-02-28 04:30:00,False
0.3059435854803243,2022-02-28 05:00:00,False
0.3393502413537962,2022-02-28 05:30:00,False
0.2898668244857328,2022-02-28 06:00:00,False
0.2976189296290215,2022-02-28 06:30:00,False
0.2803117620875863,2022-02-28 07:00:00,False
0.2480851569557361,2022-02-28 07:30:00,False
0.2226222865670816,2022-02-28 08:00:00,False
0.3135409727319332,2022-02-28 08:30:00,False
0.2991710498524985,2022-02-28 09:00:00,False
0.8186295579169398,2022-02-28 09:30:00,True
0.3760330088431249,2022-02-28 10:00:00,False
0.2498145189252257,2022-02-28 10:30:00,False
0.2515965670579563,2022-02-28 11:00:00,False
0.2997726867355626,2022-02-28 11:30:00,False
0.3302811399894541,2022-02-28 12:00:00,False
0.2789790249837808,2022-02-28 12:30:00,False
0.3297927925960158,2022-02-28 13:00:00,False
0.2799800237993992,2022-02-28 13:30:00,False
0.2822618670442426,2022-02-28 14:00:00,False
0.2776500000115188,2022-02-28 14:30:00,False
0.2486252530065325,2022-02-28 15:00:00,False
0.2836897719844616,2022-02-28 15:30:00,False
0.3000347722167718,2022-02-28 16:00:00,False
0.2996694946086591,2022-02-28 16:30:00,False
0.2508386112772824,2022-02-28 17:00:00,False
0.2376513090321709,2022-02-28 17:30:00,False
0.3124610262979171,2022-02-28 18:00:00,False
0.2997749359128335,2022-02-28 18:30:00,False
0.3173488497489824,2022-02-28 19:00:00,False
0.2899925396005176,2022-02-28 19:30:00,False
0.2725730519823507,2022-02-28 20:00:00,False
0.3310296106168507,2022-02-28 20:30:00,False
0.3251718635602963,2022-02-28 21:00:00,False
0.3242091072958847,2022-02-28 21:30:00,False
0.2628085301551222,2022-02-28 22:00:00,False
0.2829168811067543,2022-02-28 22:30:00,False
0.2855549381080287,2022-02-28 23:00:00,False
0.2977307582424193,2022-02-28 23:30:00,False
0.4598422341066484,2022-03-01 00:00:00,False
0.4431263374917257,2022-03-01 00:30:00,False
0.4500354952383106,2022-03-01 01:00:00,False
0.425024818978561,2022-03-01 01:30:00,False
0.4468350570524554,2022-03-01 02:00:00,False
0.4752521061279198,2022-03-01 02:30:00,False
0.3454753599424616,2022-03-01 03:00:00,False
0.3808375404568542,2022-03-01 03:30:00,False
0.4194348478722073,2022-03-01 04:00:00,False
0.378224373883987,2022-03-01 04:30:00,False
0.404980318372855,2022-03-01 05:00:00,False
0.4423713704319623,2022-03-01 05:30:00,False
0.3780822791175662,2022-03-01 06:00:00,False
0.3639270723024871,2022-03-01 06:30:00,False
0.4568152011284912,2022-03-01 07:00:00,False
0.3987628853994854,2022-03-01 07:30:00,False
0.1604994322085804,2022-03-01 08:00:00,True
0.4432761110340874,2022-03-01 08:30:00,False
0.3510943531022311,2022-03-01 09:00:00,False
0.3888000622196794,2022-03-01 09:30:00,False
0.3805944244507963,2022-03-01 10:00:00,False
0.4476387168629494,2022-03-01 10:30:00,False
0.4414540502526437,2022-03-01 11:00:00,False
0.4506376408151675,2022-03-01 11:30:00,False
0.3795659237257165,2022-03-01 12:00:00,False
0.466953762820457,2022-03-01 12:30:00,False
0.4027077625455614,2022-03-01 13:00:00,False
0.4475633525871665,2022-03-01 13:30:00,False
0.4397474736526951,2022-03-01 14:00:00,False
0.3891350065703997,2022-03-01 14:30:00,False
0.4399140919689084,2022-03-01 15:00:00,False
0.3605893054923756,2022-03-01 15:30:00,False
0.439772186511087,2022-03-01 16:00:00,False
0.4618909916992786,2022-03-01 16:30:00,False
0.4259781314383263,2022-03-01 17:00:00,False
-0.5928903683694342,2022-03-01 17:30:00,True
-0.9829874838885402,2022-03-01 18:00:00,True
0.5306432486517322,2022-03-01 18:30:00,False
,2022-03-01 19:00:00,False
0.4188029944661357,2022-03-01 19:30:00,False
0.415886940002274,2022-03-01 20:00:00,False
,2022-03-01 20:30:00,False
0.475650732035242,2022-03-01 21:00:00,False
0.4734025155562174,2022-03-01 21:30:00,False
0.7386281919375075,2022-03-01 22:00:00,True
0.4032942077679511,2022-03-01 22:30:00,False
0.4747147376448356,2022-03-01 23:00:00,False
0.3889663905846654,2022-03-01 23:30:00,False
0.4987665720720399,2022-03-02 00:00:00,False
0.4589614878367694,2022-03-02 00:30:00,False
0.4458296049730219,2022-03-02 01:00:00,False
0.4657118810541879,2022-03-02 01:30:00,False
0.4952999840765805,2022-03-02 02:00:00,False
0.466345734869855,2022-03-02 02:30:00,False
,2022-03-02 03:00:00,False
0.5534926464200306,2022-03-02 03:30:00,False
0.4229261928194595,2022-03-02 04:00:00,False
0.3557004861718706,2022-03-02 04:30:00,False
0.4634256162391661,2022-03-02 05:00:00,False
0.4337264746456588,2022-03-02 05:30:00,False
0.3943605856437001,2022-03-02 06:00:00,False
0.4213696547191176,2022-03-02 06:30:00,False
0.4639194829522312,2022-03-02 07:00:00,False
0.4219233392967553,2022-03-02 07:30:00,False
0.3899742461367406,2022-03-02 08:00:00,False
0.4456616268685739,2022-03-02 08:30:00,False
0.371392603146198,2022-03-02 09:00:00,False
0.4618439503486471,2022-03-02 09:30:00,False
0.4338268242970576,2022-03-02 10:00:00,False
0.4534985041553269,2022-03-02 10:30:00,False
0.4845508414828819,2022-03-02 11:00:00,False
0.5196228172745612,2022-03-02 11:30:00,False
0.4318614650835482,2022-03-02 12:00:00,False
0.5104403871373526,2022-03-02 12:30:00,False
0.4839650045968423,2022-03-02 13:00:00,False
0.3742147541840651,2022-03-02 13:30:00,False
0.4437913066381292,2022-03-02 14:00:00,False
0.4429905704341103,2022-03-02 14:30:00,False
0.4948535550556343,2022-03-02 15:00:00,False
-0.0623289629604473,2022-03-02 15:30:00,True
0.5218537291796573,2022-03-02 16:00:00,False
0.4658814049382251,2022-03-02 16:30:00,False
0.4820160902209432,2022-03-02 17:00:00,False
0.4814312653801043,2022-03-02 17:30:00,False
0.4424646621923164,2022-03-02 18:00:00,False
0.3923736315466307,2022-03-02 18:30:00,False
0.4673780732470968,2022-03-02 19:00:00,False
0.4488506469795234,2022-03-02 19:30:00,False
0.4373610945039711,2022-03-02 20:00:00,False
0.3668659882066034,2022-03-02 20:30:00,False
0.3863769284113781,2022-03-02 21:00:00,False
0.5047219259552096,2022-03-02 21:30:00,False
0.3906282380354127,2022-03-02 22:00:00,False
0.4571617683903047,2022-03-02 22:30:00,False
0.3987780771075155,2022-03-02 23:00:00,False
-0.7606808967736394,2022-03-02 23:30:00,True
0.953916414142197,2022-03-03 00:00:00,True
0.4345021151207224,2022-03-03 00:30:00,False
0.3632529474917498,2022-03-03 01:00:00,False
0.4134531830062944,2022-03-03 01:30:00,False
0.3981469735424243,2022-03-03 02:00:00,False
0.0696873753632212,2022-03-03 02:30:00,True
0.3080871168072706,2022-03-03 03:00:00,False
0.3916787771961729,2022-03-03 03:30:00,False
0.3816393469720267,2022-03-03 04:00:00,False
0.3498228618939115,2022-03-03 04:30:00,False
0.4158656511818716,2022-03-03 05:00:00,False
0.39970786543323,2022-03-03 05:30:00,False
0.3465065369667251,2022-03-03 06:00:00,False
0.4222811961640723,2022-03-03 06:30:00,False
0.4131905639409975,2022-03-03 07:00:00,False
0.406186651750073,2022-03-03 07:30:00,False
0.3798824627410928,2022-03-03 08:00:00,False
0.3211867423573674,2022-03-03 08:30:00,False
0.3996777787211659,2022-03-03 09:00:00,False
-0.784145378261544,2022-03-03 09:30:00,True
0.366659155020615,2022-03-03 10:00:00,False
0.3339404550814013,2022-03-03 10:30:00,False
,2022-03-03 11:00:00,False
0.3159757047606644,2022-03-03 11:30:00,False
0.3894292464188327,2022-03-03 12:00:00,False
0.4024822890928518,2022-03-03 12:30:00,False
0.3694283992396665,2022-03-03 13:00:00,False
0.4252060576140292,2022-03-03 13:30:00,False
0.4277058150878561,2022-03-03 14:00:00,False
0.362382969347141,2022-03-03 14:30:00,False
0.4172291426319159,2022-03-03 15:00:00,False
0.4483693204076935,2022-03-03 15:30:00,False
0.3530840415409347,2022-03-03 16:00:00,False
0.3807449151862643,2022-03-03 16:30:00,False
0.3656153993597732,2022-03-03 17:00:00,False
0.3721591891991717,2022-03-03 17:30:00,False
0.3642525531512814,2022-03-03 18:00:00,False
0.398896077278989,2022-03-03 18:30:00,False
0.3705070789178327,2022-03-03 19:00:00,False
0.3523055371944625,2022-03-03 19:30:00,False
0.4461146254309538,2022-03-03 20:00:00,False
0.3891637622359075,2022-03-03 20:30:00,False
0.3985816891603043,2022-03-03 21:00:00,False
0.2930927992294079,2022-03-03 21:30:00,False
0.3191220897119912,2022-03-03 22:00:00,False
0.3611060866191321,2022-03-03 22:30:00,False
0.3616341983241823,2022-03-03 23:00:00,False
0.3774494896626804,2022-03-03 23:30:00,False
0.2667596693897853,2022-03-04 00:00:00,False
0.2194356138185825,2022-03-04 00:30:00,False
0.2387125211007739,2022-03-04 01:00:00,False
0.2678936153750177,2022-03-04 01:30:00,False
0.2494733722382791,2022-03-04 02:00:00,False
0.2336536048170068,2022-03-04 02:30:00,False
0.2505016925900237,2022-03-04 03:00:00,False
0.2492181372367467,2022-03-04 03:30:00,False
0.2714201640160427,2022-03-04 04:00:00,False
0.2618892794467597,2022-03-04 04:30:00,False
0.2292246257429371,2022-03-04 05:00:00,False
,2022-03-04 05:30:00,False
0.1900153277685444,2022-03-04 06:00:00,False
,2022-03-04 06:30:00,False
0.2365789838129328,2022-03-04 07:00:00,False
0.2049991803772137,2022-03-04 07:30:00,False
0.2958789640332651,2022-03-04 08:00:00,False
0.2466497643135186,2022-03-04 08:30:00,False
0.25312420994815,2022-03-04 09:00:00,False
0.2264471093704232,2022-03-04 09:30:00,False
0.2792325772223628,2022-03-04 10:00:00,False
0.2417628651508298,2022-03-04 10:30:00,False
0.2422217321819278,2022-03-04 11:00:00,False
0.2418965110511186,2022-03-04 11:30:00,False
,2022-03-04 12:00:00,False
0.280416707578696,2022-03-04 12:30:00,False
0.2338171962584161,2022-03-04 13:00:00,False
,2022-03-04 13:30:00,False
0.2520527773483474,2022-03-04 14:00:00,False
0.2807356878447982,2022-03-04 14:30:00,False
0.2335498808513499,2022-03-04 15:00:00,False
0.2107910938086541,2022-03-04 15:30:00,False
0.2559937270425544,2022-03-04 16:00:00,False
0.2694724422387207,2022-03-04 16:30:00,False
,2022-03-04 17:00:00,False
0.2724750575988591,2022-03-04 17:30:00,False
0.2699743157310647,2022-03-04 18:00:00,False
-0.1982140114146549,2022-03-04 18:30:00,True
0.2494308582595571,2022-03-04 19:00:00,False
0.2704076102721369,2022-03-04 19:30:00,False
0.2356553187984514,2022-03-04 20:00:00,False
0.2528939193679522,2022-03-04 20:30:00,False
,2022-03-04 21:00:00,False
0.2741930883383543,2022-03-04 21:30:00,False
0.2517718609059324,2022-03-04 22:00:00,False
0.2614852621232634,2022-03-04 22:30:00,False
0.2598047921969699,2022-03-04 23:00:00,False
0.2169318857298141,2022-03-04 23:30:00,False
0.1847544113350533,2022-03-05 00:00:00,False
0.1622137576774273,2022-03-05 00:30:00,False
0.1745084478563811,2022-03-05 01:00:00,False
0.1750365042217591,2022-03-05 01:30:00,False
0.2045351768167713,2022-03-05 02:00:00,False
0.1567124113749471,2022-03-05 02:30:00,False
0.1512992951721388,2022-03-05 03:00:00,False
0.1640612868315166,2022-03-05 03:30:00,False
0.1906078949487705,2022-03-05 04:00:00,False
0.1976997832745243,2022-03-05 04:30:00,False
0.2111201290280489,2022-03-05 05:00:00,False
0.1502077429966176,2022-03-05 05:30:00,False
0.1826816576140391,2022-03-05 06:00:00,False
0.152291037134,2022-03-05 06:30:00,False
0.1451326533132943,2022-03-05 07:00:00,False
0.208538699209994,2022-03-05 07:30:00,False
0.1759569077877248,2022-03-05 08:00:00,False
0.1717841855396764,2022-03-05 08:30:00,False
0.1664007673982264,2022-03-05 09:00:00,False
0.2023167518876817,2022-03-05 09:30:00,False
0.1547460203626765,2022-03-05 10:00:00,False
0.87475724054291,2022-03-05 10:30:00,True
0.158203677770396,2022-03-05 11:00:00,False
0.177074990657928,2022-03-05 11:30:00,False
0.1653585894441556,2022-03-05 12:00:00,False
0.1784228689242712,2022-03-05 12:30:00,False
0.1909625297906131,2022-03-05 13:00:00,False
0.1806805848789752,2022-03-05 13:30:00,False
,2022-03-05 14:00:00,False
0.2052316032029416,2022-03-05 14:30:00,False
0.1686674428422557,2022-03-05 15:00:00,False
0.2156182633765253,2022-03-05 15:30:00,False
0.1764456185589751,2022-03-05 16:00:00,False
0.1823686493479501,2022-03-05 16:30:00,False
0.1843324399152734,2022-03-05 17:00:00,False
0.1902441450727188,2022-03-05 17:30:00,False
0.1971842446543065,2022-03-05 18:00:00,False
0.1777153339783216,2022-03-05 18:30:00,False
,2022-03-05 19:00:00,False
0.2066782243214682,2022-03-05 19:30:00,False
0.1922335836751121,2022-03-05 20:00:00,False
0.1843078706536807,2022-03-05 20:30:00,False
0.1946212089223135,2022-03-05 21:00:00,False
0.2148363936380928,2022-03-05 21:30:00,False
0.2308366529936533,2022-03-05 22:00:00,False
0.1890325358429452,2022-03-05 22:30:00,False
0.1850412687002703,2022-03-05 23:00:00,False
0.1969755680271835,2022-03-05 23:30:00,False
0.189657945296229,2022-03-06 00:00:00,False
0.2179604795958817,2022-03-06 00:30:00,False
0.1915584712377963,2022-03-06 01:00:00,False
0.2228821093662074,2022-03-06 01:30:00,False
0.2414929972251678,2022-03-06 02:00:00,False
-0.1157430232387088,2022-03-06 02:30:00,True
0.2345778021802195,2022-03-06 03:00:00,False
0.2197588800347597,2022-03-06 03:30:00,False
0.2576762094280627,2022-03-06 04:00:00,False
0.1843791583001021,2022-03-06 04:30:00,False
0.2113412920456936,2022-03-06 05:00:00,False
0.2030160605395279,2022-03-06 05:30:00,False
0.227165806400546,2022-03-06 06:00:00,False
0.1706416467136322,2022-03-06 06:30:00,False
0.209991245096433,2022-03-06 07:00:00,False
0.2314950546260776,2022-03-06 07:30:00,False
0.2119149690866288,2022-03-06 08:00:00,False
0.216564197070755,2022-03-06 08:30:00,False
0.208730308545755,2022-03-06 09:00:00,False
0.2038912901992082,2022-03-06 09:30:00,False
0.2155024088773494,2022-03-06 10:00:00,False
0.1896803257758912,2022-03-06 10:30:00,False
0.2255713327195178,2022-03-06 11:00:00,False
0.2138207005345675,2022-03-06 11:30:00,False
0.2249138770082084,2022-03-06 12:00:00,False
,2022-03-06 12:30:00,False
0.2335996027142431,2022-03-06 13:00:00,False
0.2496884359130176,2022-03-06 13:30:00,False
0.2261024739831034,2022-03-06 14:00:00,False
0.2142858729439488,2022-03-06 14:30:00,False
-0.444334368382312,2022-03-06 15:00:00,True
0.2057551266406611,2022-03-06 15:30:00,False
0.2326020832280082,2022-03-06 16:00:00,False
0.2246089086050185,2022-03-06 16:30:00,False
0.2181793287514872,2022-03-06 17:00:00,False
0.1886737418034096,2022-03-06 17:30:00,False
0.2058580640557399,2022-03-06 18:00:00,False
0.2056547028761422,2022-03-06 18:30:00,False
0.2107837526869474,2022-03-06 19:00:00,False
0.2126562697919718,2022-03-06 19:30:00,False
0.2205892354603641,2022-03-06 20:00:00,False
0.2254191850173191,2022-03-06 20:30:00,False
0.2408183171322426,2022-03-06 21:00:00,False
0.24002271217196,2022-03-06 21:30:00,False
0.2021232373730616,2022-03-06 22:00:00,False
0.1967773250873167,2022-03-06 22:30:00,False
0.2072286178264512,2022-03-06 23:00:00,False
0.2006818292548554,2022-03-06 23:30:00,False
0.3708155862004195,2022-03-07 00:00:00,False
0.3250683695653222,2022-03-07 00:30:00,False
0.3091798205287687,2022-03-07 01:00:00,False
0.3374832815690537,2022-03-07 01:30:00,False
,2022-03-07 02:00:00,False
-0.968687741504498,2022-03-07 02:30:00,True
0.3100959736144741,2022-03-07 03:00:00,False
0.3002341078099624,2022-03-07 03:30:00,False
0.3077732410828137,2022-03-07 04:00:00,False
0.3054890757660188,2022-03-07 04:30:00,False
0.3529671303079177,2022-03-07 05:00:00,False
0.3303167891525673,2022-03-07 05:30:00,False
0.3146217144940622,2022-03-07 06:00:00,False
0.3278264128466076,2022-03-07 06:30:00,False
0.3818506391295508,2022-03-07 07:00:00,False
0.4021218605389314,2022-03-07 07:30:00,False
0.3667970606987188,2022-03-07 08:00:00,False
0.3645664895174708,2022-03-07 08:30:00,False
0.3556525140888505,2022-03-07 09:00:00,False
0.3531645206222152,2022-03-07 09:30:00,False
0.299977385686173,2022-03-07 10:00:00,False
0.3144240830397111,2022-03-07 10:30:00,False
0.3629496696586552,2022-03-07 11:00:00,False
0.2951604764102378,2022-03-07 11:30:00,False
0.3542213624548495,2022-03-07 12:00:00,False
0.3688425808305058,2022-03-07 12:30:00,False
0.3576073458410299,2022-03-07 13:00:00,False
0.320430390398081,2022-03-07 13:30:00,False
0.3154223502568072,2022-03-07 14:00:00,False
0.3316448192745156,2022-03-07 14:30:00,False
0.2994959047854916,2022-03-07 15:00:00,False
0.3690722714559195,2022-03-07 15:30:00,False
0.3332929290785916,2022-03-07 16:00:00,False
0.340174479113534,2022-03-07 16:30:00,False
0.2983666565195084,2022-03-07 17:00:00,False
0.3336816318413236,2022-03-07 17:30:00,False
0.39564704032759,2022-03-07 18:00:00,False
0.3313163932281959,2022-03-07 18:30:00,False
0.3660103682084514,2022-03-07 19:00:00,False
0.3530828450400211,2022-03-07 19:30:00,False
0.3444031614923844,2022-03-07 20:00:00,False
0.3658140576785937,2022-03-07 20:30:00,False
0.2722781825152091,2022-03-07 21:00:00,False
0.3288112295060042,2022-03-07 21:30:00,False
0.3653565125559365,2022-03-07 22:00:00,False
0.3554126050730201,2022-03-07 22:30:00,False
0.3662480713050284,2022-03-07 23:00:00,False
0.3112740096937973,2022-03-07 23:30:00,False
0.3821932957673083,2022-03-08 00:00:00,False
0.3822124958600799,2022-03-08 00:30:00,False
0.5007061118587764,2022-03-08 01:00:00,False
0.4381781233268568,2022-03-08 01:30:00,False
0.3626156456845972,2022-03-08 02:00:00,False
0.4077085422989752,2022-03-08 02:30:00,False
0.2980223561520179,2022-03-08 03:00:00,True
0.4679505010767716,2022-03-08 03:30:00,False
-0.2592873008931033,2022-03-08 04:00:00,True
0.4879889970789265,2022-03-08 04:30:00,False
0.5501315428534839,2022-03-08 05:00:00,False
0.4475330414067736,2022-03-08 05:30:00,False
0.3851907512814299,2022-03-08 06:00:00,False
0.4785395710604819,2022-03-08 06:30:00,False
,2022-03-08 07:00:00,False
0.4214589255982243,2022-03-08 07:30:00,False
0.4695564959160896,2022-03-08 08:00:00,False
0.5018167389359527,2022-03-08 08:30:00,False
0.5196903764599277,2022-03-08 09:00:00,False
0.3674105432177675,2022-03-08 09:30:00,False
0.4441287575950849,2022-03-08 10:00:00,False
0.4658899249186964,2022-03-08 10:30:00,False
0.4259293079076066,2022-03-08 11:00:00,False
,2022-03-08 11:30:00,False
,2022-03-08 12:00:00,False
0.3941420630933991,2022-03-08 12:30:00,False
0.3333055654616407,2022-03-08 13:00:00,False
0.4002925930913005,2022-03-08 13:30:00,False
0.4427617851681151,2022-03-08 14:00:00,False
0.4851903805239422,2022-03-08 14:30:00,False
0.5033941681137309,2022-03-08 15:00:00,False
0.4675641132726534,2022-03-08 15:30:00,False
0.3754752986334662,2022-03-08 16:00:00,False
0.4640884102554914,2022-03-08 16:30:00,False
0.4492329524721413,2022-03-08 17:00:00,False
0.4158179737626103,2022-03-08 17:30:00,False
0.422536915949333,2022-03-08 18:00:00,False
0.4719069151174456,2022-03-08 18:30:00,False
0.5345504295978676,2022-03-08 19:00:00,False
0.4346302009605631,2022-03-08 19:30:00,False
0.4119822553236932,2022-03-08 20:00:00,False
0.4632563898746047,2022-03-08 20:30:00,False
0.4403766323179899,2022-03-08 21:00:00,False
0.5284805927439079,2022-03-08 21:30:00,False
0.466404854575046,2022-03-08 22:00:00,False
0.4592108686364378,2022-03-08 22:30:00,False
0.4631270652924892,2022-03-08 23:00:00,False
0.4174242597998309,2022-03-08 23:30:00,False
0.5702603609904286,2022-03-09 00:00:00,False
0.5569454726196188,2022-03-09 00:30:00,False
,2022-03-09 01:00:00,False
0.4798095356588788,2022-03-09 01:30:00,False
0.4797850904586984,2022-03-09 02:00:00,False
0.5744504195754326,2022-03-09 02:30:00,False
0.5446663486257389,2022-03-09 03:00:00,False
0.4575187184893032,2022-03-09 03:30:00,False
-0.0008087629918005,2022-03-09 04:00:00,True
0.4392615783773383,2022-03-09 04:30:00,False
0.4643680346211351,2022-03-09 05:00:00,False
0.4967324865943395,2022-03-09 05:30:00,False
0.5086880069516843,2022-03-09 06:00:00,False
0.4789935434322037,2022-03-09 06:30:00,False
0.5250131191442577,2022-03-09 07:00:00,False
0.4668024321357484,2022-03-09 07:30:00,False
0.4764139078258333,2022-03-09 08:00:00,False
0.437469346812229,2022-03-09 08:30:00,False
0.4414694682103082,2022-03-09 09:00:00,False
0.5126427189703994,2022-03-09 09:30:00,False
0.5247500957507106,2022-03-09 10:00:00,False
0.4809024990119723,2022-03-09 10:30:00,False
0.5169306595811618,2022-03-09 11:00:00,False
0.4509384812659314,2022-03-09 11:30:00,False
,2022-03-09 12:00:00,True
0.4358911027149889,2022-03-09 12:30:00,False
0.5364613535736724,2022-03-09 13:00:00,False
0.5007897468736378,2022-03-09 13:30:00,False
0.5218066929120551,2022-03-09 14:00:00,False
0.4804755175514776,2022-03-09 14:30:00,False
0.5032118384032858,2022-03-09 15:00:00,False
0.412624808805726,2022-03-09 15:30:00,False
0.4319929914804597,2022-03-09 16:00:00,False
0.4363412178933359,2022-03-09 16:30:00,False
,2022-03-09 17:00:00,False
0.4838964415050784,2022-03-09 17:30:00,False
0.4850315624964298,2022-03-09 18:00:00,False
0.3965277569657154,2022-03-09 18:30:00,False
0.4580529787287008,2022-03-09 19:00:00,False
0.5055540326751169,2022-03-09 19:30:00,False
0.5112574313957116,2022-03-09 20:00:00,False
0.4611954411907886,2022-03-09 20:30:00,False
,2022-03-09 21:00:00,False
0.4460884452140694,2022-03-09 21:30:00,False
0.4786996797633779,2022-03-09 22:00:00,False
0.4599477894309088,2022-03-09 22:30:00,False
-0.895668093104381,2022-03-09 23:00:00,True
0.3912249603182129,2022-03-09 23:30:00,False
0.4767302147792021,2022-03-10 00:00:00,False
0.4127397641135732,2022-03-10 00:30:00,False
0.3636708525244508,2022-03-10 01:00:00,False
0.4389398405880105,2022-03-10 01:30:00,False
0.4262101116616881,2022-03-10 02:00:00,False
0.3847184109700911,2022-03-10 02:30:00,False
0.3992360922748458,2022-03-10 03:00:00,False
0.397024900437506,2022-03-10 03:30:00,False
0.3987172486513939,2022-03-10 04:00:00,False
0.4541388247475522,2022-03-10 04:30:00,False
0.3493516028618646,2022-03-10 05:00:00,False
0.4241153860120922,2022-03-10 05:30:00,False
,2022-03-10 06:00:00,False
0.4347794970948679,2022-03-10 06:30:00,False
0.3909058020807401,2022-03-10 07:00:00,False
0.4261935978230052,2022-03-10 07:30:00,False
0.405373462101598,2022-03-10 08:00:00,False
0.3785692051005045,2022-03-10 08:30:00,False
0.4152178129938765,2022-03-10 09:00:00,False
0.4328709751254941,2022-03-10 09:30:00,False
0.3059910849444158,2022-03-10 10:00:00,False
0.4540652235640834,2022-03-10 10:30:00,False
,2022-03-10 11:00:00,False
,2022-03-10 11:30:00,False
0.449514916296545,2022-03-10 12:00:00,False
0.3714575905733264,2022-03-10 12:30:00,False
0.4778984561925649,2022-03-10 13:00:00,False
0.4339631968717345,2022-03-10 13:30:00,False
0.3977193348368283,2022-03-10 14:00:00,False
0.3568133629969384,2022-03-10 14:30:00,False
0.4560921131673834,2022-03-10 15:00:00,False
0.4662395130877331,2022-03-10 15:30:00,False
,2022-03-10 16:00:00,False
0.4144198730435134,2022-03-10 16:30:00,False
0.4093530471504072,2022-03-10 17:00:00,False
0.430603704792378,2022-03-10 17:30:00,False
,2022-03-10 18:00:00,True
0.4702910568558945,2022-03-10 18:30:00,False
0.3784803623360935,2022-03-10 19:00:00,False
0.9550490864903156,2022-03-10 19:30:00,True
0.4730940165882649,2022-03-10 20:00:00,False
0.4346879349238768,2022-03-10 20:30:00,True
0.412617671328981,2022-03-10 21:00:00,False
0.3816681143328965,2022-03-10 21:30:00,False
0.377002929324314,2022-03-10 22:00:00,False
0.4218722023004164,2022-03-10 22:30:00,False
0.4108663154221137,2022-03-10 23:00:00,False
0.4600940745645906,2022-03-10 23:30:00,False
0.2379173707775145,2022-03-11 00:00:00,False
0.2728666177687703,2022-03-11 00:30:00,False
0.2495355050646098,2022-03-11 01:00:00,False
0.2669374643571643,2022-03-11 01:30:00,False
0.2331340552887757,2022-03-11 02:00:00,False
0.2906855178939675,2022-03-11 02:30:00,False
0.3100955622652964,2022-03-11 03:00:00,False
0.277340399239785,2022-03-11 03:30:00,False
0.2537564884894108,2022-03-11 04:00:00,False
0.2771821381602466,2022-03-11 04:30:00,False
0.2489283219017654,2022-03-11 05:00:00,False
0.317037043747447,2022-03-11 05:30:00,False
0.3043453418975224,2022-03-11 06:00:00,False
,2022-03-11 06:30:00,False
0.3004359171799499,2022-03-11 07:00:00,False
0.273599161582147,2022-03-11 07:30:00,False
0.3298162037224076,2022-03-11 08:00:00,False
0.2970886533865344,2022-03-11 08:30:00,False
0.263763043380215,2022-03-11 09:00:00,False
0.273944801632749,2022-03-11 09:30:00,False
0.2991732644162031,2022-03-11 10:00:00,False
0.2719839784592066,2022-03-11 10:30:00,False
0.2678873420466953,2022-03-11 11:00:00,False
0.3229440871319829,2022-03-11 11:30:00,False
0.3063095764610083,2022-03-11 12:00:00,False
0.2786973095097388,2022-03-11 12:30:00,False
0.3099283493495091,2022-03-11 13:00:00,False
0.350950237488649,2022-03-11 13:30:00,False
0.3102694185407857,2022-03-11 14:00:00,False
0.2989245942372451,2022-03-11 14:30:00,False
0.2976798864659237,2022-03-11 15:00:00,False
0.3012970763103346,2022-03-11 15:30:00,False
0.3425203806250861,2022-03-11 16:00:00,False
0.2475518427720386,2022-03-11 16:30:00,False
0.3322208254539715,2022-03-11 17:00:00,False
0.3002329421936964,2022-03-11 17:30:00,False
0.2800653018814047,2022-03-11 18:00:00,False
0.3146721739950923,2022-03-11 18:30:00,False
0.2798058929122361,2022-03-11 19:00:00,False
0.2836212271284963,2022-03-11 19:30:00,False
0.3143707893567638,2022-03-11 20:00:00,False
0.2673338195430672,2022-03-11 20:30:00,False
-0.705338039022315,2022-03-11 21:00:00,True
0.3396835968747031,2022-03-11 21:30:00,False
0.3077564349028832,2022-03-11 22:00:00,False
0.2752538748247009,2022-03-11 22:30:00,False
0.2980992154655913,2022-03-11 23:00:00,False
0.3016303051658809,2022-03-11 23:30:00,False
0.2222465124139249,2022-03-12 00:00:00,False
0.2388767924085367,2022-03-12 00:30:00,False
0.1974438707297098,2022-03-12 01:00:00,False
0.2440872673167688,2022-03-12 01:30:00,False
0.200646714318936,2022-03-12 02:00:00,False
0.224780212932945,2022-03-12 02:30:00,False
0.245756905914851,2022-03-12 03:00:00,False
0.2294059247198483,2022-03-12 03:30:00,False
0.1995916589599201,2022-03-12 04:00:00,False
0.2175850639583581,2022-03-12 04:30:00,False
0.1918178940793725,2022-03-12 05:00:00,False
0.2005363162015168,2022-03-12 05:30:00,False
0.2057661686417261,2022-03-12 06:00:00,False
0.1743637925997937,2022-03-12 06:30:00,False
0.2211583770074025,2022-03-12 07:00:00,False
0.2412928344373092,2022-03-12 07:30:00,False
0.1916512762807729,2022-03-12 08:00:00,False
0.1878856782185426,2022-03-12 08:30:00,False
0.2195220723135875,2022-03-12 09:00:00,False
0.2270402327738413,2022-03-12 09:30:00,False
0.2240041133713323,2022-03-12 10:00:00,False
0.2374393801835432,2022-03-12 10:30:00,False
0.7062364260861258,2022-03-12 11:00:00,True
0.2260080280450273,2022-03-12 11:30:00,False
0.201948276477944,2022-03-12 12:00:00,False
0.1771368686050263,2022-03-12 12:30:00,False
0.2375575630780118,2022-03-12 13:00:00,False
0.1964146138871247,2022-03-12 13:30:00,False
0.2434795504281851,2022-03-12 14:00:00,False
0.2357959962945976,2022-03-12 14:30:00,False
0.2200198691956862,2022-03-12 15:00:00,False
,2022-03-12 15:30:00,False
0.1977659374659459,2022-03-12 16:00:00,False
0.2141358208778059,2022-03-12 16:30:00,False
0.2304529328439057,2022-03-12 17:00:00,False
0.406947854887588,2022-03-12 17:30:00,True
0.1907154444913947,2022-03-12 18:00:00,False
0.2235638713242205,2022-03-12 18:30:00,False
0.2193212813541109,2022-03-12 19:00:00,False
0.2331230287299757,2022-03-12 19:30:00,False
0.200913364432934,2022-03-12 20:00:00,False
0.1860860493922487,2022-03-12 20:30:00,False
0.2287841215247661,2022-03-12 21:00:00,False
0.2015845214128946,2022-03-12 21:30:00,False
0.2265426069001835,2022-03-12 22:00:00,False
0.2258018434095251,2022-03-12 22:30:00,False
0.2342171150475332,2022-03-12 23:00:00,False
0.2366011925234643,2022-03-12 23:30:00,False
0.6996304982204011,2022-03-13 00:00:00,True
0.2122494922189068,2022-03-13 00:30:00,False
0.2428079213608243,2022-03-13 01:00:00,False
0.2174440454149885,2022-03-13 01:30:00,False
0.2928604672471944,2022-03-13 02:00:00,False
0.2545233054317606,2022-03-13 02:30:00,False
0.2425892822291085,2022-03-13 03:00:00,False
0.2361853405858133,2022-03-13 03:30:00,False
0.2457324417459683,2022-03-13 04:00:00,False
0.2908746618102557,2022-03-13 04:30:00,False
0.2187720120017294,2022-03-13 05:00:00,False
0.2669573336088043,2022-03-13 05:30:00,False
0.2976549731769047,2022-03-13 06:00:00,False
0.2537937715969891,2022-03-13 06:30:00,False
0.2208405929898617,2022-03-13 07:00:00,False
0.2383805721230587,2022-03-13 07:30:00,False
0.2717737022846859,2022-03-13 08:00:00,False
,2022-03-13 08:30:00,False
0.2323077540951156,2022-03-13 09:00:00,False
,2022-03-13 09:30:00,False
0.2690918445143175,2022-03-13 10:00:00,False
0.2642072879588062,2022-03-13 10:30:00,False
0.2625992734415395,2022-03-13 11:00:00,False
0.2790970881487001,2022-03-13 11:30:00,False
0.2476997717745574,2022-03-13 12:00:00,False
-0.0078965919081757,2022-03-13 12:30:00,True
0.2517735447626287,2022-03-13 13:00:00,False
0.2488128059738072,2022-03-13 13:30:00,False
0.2286019580203174,2022-03-13 14:00:00,False
0.2466036147753416,2022-03-13 14:30:00,False
0.2313296190323229,2022-03-13 15:00:00,False
0.2572480376697603,2022-03-13 15:30:00,False
0.2249614130725243,2022-03-13 16:00:00,False
0.2599632687016309,2022-03-13 16:30:00,False
0.2578534822326102,2022-03-13 17:00:00,False
0.2829910103683812,2022-03-13 17:30:00,False
0.2730373609804369,2022-03-13 18:00:00,False
0.2482908820622934,2022-03-13 18:30:00,False
0.2283862770019489,2022-03-13 19:00:00,False
0.3280938967229673,2022-03-13 19:30:00,False
0.2698434480757263,2022-03-13 20:00:00,False
0.2634456656065462,2022-03-13 20:30:00,False
0.2346004869951503,2022-03-13 21:00:00,False
0.2416065492786739,2022-03-13 21:30:00,False
0.2619246828301876,2022-03-13 22:00:00,False
0.2715579972743421,2022-03-13 22:30:00,False
0.2922883049414716,2022-03-13 23:00:00,False
0.2764374581433678,2022-03-13 23:30:00,False
0.3823152642375139,2022-03-14 00:00:00,False
-0.1022408496879498,2022-03-14 00:30:00,True
0.3663766573728823,2022-03-14 01:00:00,False
0.354287144174381,2022-03-14 01:30:00,False
0.3779220255043499,2022-03-14 02:00:00,False
0.3377847841268239,2022-03-14 02:30:00,False
0.3541514473275632,2022-03-14 03:00:00,False
0.4187875989335616,2022-03-14 03:30:00,False
0.3736770760275008,2022-03-14 04:00:00,False
0.3631659412286512,2022-03-14 04:30:00,False
0.3725922802678336,2022-03-14 05:00:00,False
0.3126937870183321,2022-03-14 05:30:00,False
0.7957839181399979,2022-03-14 06:00:00,True
0.2812183416804905,2022-03-14 06:30:00,False
0.3191395676724713,2022-03-14 07:00:00,False
0.3575457947378241,2022-03-14 07:30:00,False
0.3319034177820263,2022-03-14 08:00:00,False
0.3607243667698404,2022-03-14 08:30:00,False
0.3209175074934984,2022-03-14 09:00:00,False
0.4129077161752323,2022-03-14 09:30:00,False
0.2832704415139789,2022-03-14 10:00:00,False
0.3759992139416796,2022-03-14 10:30:00,False
0.3375163484032176,2022-03-14 11:00:00,False
0.308074484298735,2022-03-14 11:30:00,False
0.2878079765067906,2022-03-14 12:00:00,False
0.4123376638487207,2022-03-14 12:30:00,False
0.2936182429472718,2022-03-14 13:00:00,False
0.374902188079883,2022-03-14 13:30:00,False
0.3413416036143468,2022-03-14 14:00:00,False
0.3723479334731309,2022-03-14 14:30:00,False
0.3351908502097632,2022-03-14 15:00:00,False
0.3455745830106449,2022-03-14 15:30:00,False
0.40712661648995,2022-03-14 16:00:00,False
0.3504775618294351,2022-03-14 16:30:00,False
0.3705767013076942,2022-03-14 17:00:00,False
,2022-03-14 17:30:00,False
0.3347806210095426,2022-03-14 18:00:00,False
0.331612606939982,2022-03-14 18:30:00,False
0.3847097823863644,2022-03-14 19:00:00,False
0.3957860313369525,2022-03-14 19:30:00,False
0.4147304654794055,2022-03-14 20:00:00,False
0.3733905102373925,2022-03-14 20:30:00,False
0.42824124305674,2022-03-14 21:00:00,False
0.409416638806366,2022-03-14 21:30:00,False
0.3926209427435429,2022-03-14 22:00:00,False
0.327022153177753,2022-03-14 22:30:00,False
0.3675865424279833,2022-03-14 23:00:00,False
0.3290092445049166,2022-03-14 23:30:00,False
,2022-03-15 00:00:00,False
0.4371373622671234,2022-03-15 00:30:00,False
0.4926827851104978,2022-03-15 01:00:00,False
0.3880485033027332,2022-03-15 01:30:00,False
0.5301729912049077,2022-03-15 02:00:00,False
0.3881029164335068,2022-03-15 02:30:00,False
0.4706453107209006,2022-03-15 03:00:00,False
-0.3100100082684411,2022-03-15 03:30:00,True
0.5535333186179292,2022-03-15 04:00:00,False
0.3997111833670208,2022-03-15 04:30:00,False
0.4844501512247265,2022-03-15 05:00:00,False
0.5817036851114206,2022-03-15 05:30:00,False
0.4554461640035685,2022-03-15 06:00:00,False
0.4489553594983354,2022-03-15 06:30:00,False
0.4646293817009875,2022-03-15 07:00:00,False
0.5080645230877466,2022-03-15 07:30:00,False
0.4597526720410611,2022-03-15 08:00:00,False
0.4203422969256124,2022-03-15 08:30:00,False
0.4790854523681271,2022-03-15 09:00:00,False
0.4637621840431578,2022-03-15 09:30:00,False
0.442696270680656,2022-03-15 10:00:00,False
,2022-03-15 10:30:00,False
0.4478543267130686,2022-03-15 11:00:00,False
0.558516693221007,2022-03-15 11:30:00,False
0.4726064470674657,2022-03-15 12:00:00,False
0.4562587369434532,2022-03-15 12:30:00,False
,2022-03-15 13:00:00,False
0.5492467907912871,2022-03-15 13:30:00,False
0.5459695444027259,2022-03-15 14:00:00,False
0.5797556744843351,2022-03-15 14:30:00,False
0.5562848009324671,2022-03-15 15:00:00,False
0.4572702206087202,2022-03-15 15:30:00,False
0.5159388573237873,2022-03-15 16:00:00,False
0.4674804879539915,2022-03-15 16:30:00,False
,2022-03-15 17:00:00,False
0.5127454430804571,2022-03-15 17:30:00,False
0.564497676949119,2022-03-15 18:00:00,False
0.5257454188195868,2022-03-15 18:30:00,False
0.4457064110100128,2022-03-15 19:00:00,False
0.4131851434256656,2022-03-15 19:30:00,False
,2022-03-15 20:00:00,False
0.505374281854088,2022-03-15 20:30:00,False
0.4504811439762424,2022-03-15 21:00:00,False
0.4754355566741658,2022-03-15 21:30:00,False
,2022-03-15 22:00:00,False
,2022-03-15 22:30:00,False
0.566039202805587,2022-03-15 23:00:00,False
0.414077992218183,2022-03-15 23:30:00,False
0.5445018434156664,2022-03-16 00:00:00,False
0.6205931866269379,2022-03-16 00:30:00,False
0.5374009707439176,2022-03-16 01:00:00,False
,2022-03-16 01:30:00,False
0.5526689461631579,2022-03-16 02:00:00,False
0.4964835009352141,2022-03-16 02:30:00,False
0.5128245364247438,2022-03-16 03:00:00,False
0.5731383097236935,2022-03-16 03:30:00,False
0.5540034407645595,2022-03-16 04:00:00,False
0.5083175749431734,2022-03-16 04:30:00,False
0.4693458542051413,2022-03-16 05:00:00,False
,2022-03-16 05:30:00,False
0.4158136790731818,2022-03-16 06:00:00,False
0.5302675616093053,2022-03-16 06:30:00,False
0.5866891596074814,2022-03-16 07:00:00,False
0.5226107434440345,2022-03-16 07:30:00,False
0.5820059837986924,2022-03-16 08:00:00,False
0.5386420923835966,2022-03-16 08:30:00,False
0.5197865443831552,2022-03-16 09:00:00,False
-0.6409496351595094,2022-03-16 09:30:00,True
0.561576993371352,2022-03-16 10:00:00,False
0.5514016617024333,2022-03-16 10:30:00,False
0.4480617237532672,2022-03-16 11:00:00,False
0.4941573753333854,2022-03-16 11:30:00,False
0.5635450067005716,2022-03-16 12:00:00,False
0.5669561974588782,2022-03-16 12:30:00,False
0.4600214918442861,2022-03-16 13:00:00,False
0.4976611916790029,2022-03-16 13:30:00,False
0.4990617021757768,2022-03-16 14:00:00,False
0.5534193672440902,2022-03-16 14:30:00,False
0.5569784900657321,2022-03-16 15:00:00,False
0.4804812216420139,2022-03-16 15:30:00,False
0.4751737336719931,2022-03-16 16:00:00,False
0.4854780093376744,2022-03-16 16:30:00,False
0.4839891595498036,2022-03-16 17:00:00,False
0.5092141118126742,2022-03-16 17:30:00,False
0.5137902476712182,2022-03-16 18:00:00,False
0.5597469564617414,2022-03-16 18:30:00,False
0.5180331463570398,2022-03-16 19:00:00,False
0.4891856576952921,2022-03-16 19:30:00,False
0.5958596582897023,2022-03-16 20:00:00,False
0.5358938879307461,2022-03-16 20:30:00,False
0.4968750372594323,2022-03-16 21:00:00,False
0.5673441778585666,2022-03-16 21:30:00,False
0.4452960698432324,2022-03-16 22:00:00,False
0.5392326064221336,2022-03-16 22:30:00,False
0.4604353072711956,2022-03-16 23:00:00,False
,2022-03-16 23:30:00,False
0.463728835127812,2022-03-17 00:00:00,False
0.5677131971883871,2022-03-17 00:30:00,True
0.4759851101126346,2022-03-17 01:00:00,False
0.5043348800576443,2022-03-17 01:30:00,False
0.3498610441793077,2022-03-17 02:00:00,False
0.4324002983644534,2022-03-17 02:30:00,False
0.4472675236763065,2022-03-17 03:00:00,False
0.4172479600650588,2022-03-17 03:30:00,False
0.3508444394431393,2022-03-17 04:00:00,False
0.5050862200837757,2022-03-17 04:30:00,False
0.4857434309496145,2022-03-17 05:00:00,False
0.3830588269248932,2022-03-17 05:30:00,False
0.4761796486526277,2022-03-17 06:00:00,False
0.4170851756507275,2022-03-17 06:30:00,False
0.513680649459042,2022-03-17 07:00:00,False
0.5349933101411576,2022-03-17 07:30:00,False
0.4234368210940691,2022-03-17 08:00:00,False
0.4609887487569148,2022-03-17 08:30:00,False
0.4064549477416038,2022-03-17 09:00:00,False
0.3891479682680858,2022-03-17 09:30:00,False
0.4262894660786341,2022-03-17 10:00:00,False
0.4353354837614121,2022-03-17 10:30:00,False
0.4648823616811116,2022-03-17 11:00:00,False
0.4769296090065224,2022-03-17 11:30:00,False
0.4477747196268549,2022-03-17 12:00:00,False
0.6538794122349896,2022-03-17 12:30:00,True
,2022-03-17 13:00:00,False
0.3717997797396713,2022-03-17 13:30:00,False
0.3839006757193561,2022-03-17 14:00:00,False
0.5859642237905356,2022-03-17 14:30:00,False
0.3969208520777611,2022-03-17 15:00:00,False
0.460669970957745,2022-03-17 15:30:00,False
0.4414271125828161,2022-03-17 16:00:00,False
0.3964247210827852,2022-03-17 16:30:00,False
0.3868393331015384,2022-03-17 17:00:00,False
0.4240232225839225,2022-03-17 17:30:00,False
0.3970740844878549,2022-03-17 18:00:00,False
0.4049844028042332,2022-03-17 18:30:00,False
0.4426387790702765,2022-03-17 19:00:00,False
0.4339087968146311,2022-03-17 19:30:00,False
0.4162293891638887,2022-03-17 20:00:00,False
0.5038967844339993,2022-03-17 20:30:00,False
0.4351835097155637,2022-03-17 21:00:00,False
0.5015481449961116,2022-03-17 21:30:00,False
0.4401830245712436,2022-03-17 22:00:00,False
0.3218096060639035,2022-03-17 22:30:00,True
0.3759834488752472,2022-03-17 23:00:00,False
,2022-03-17 23:30:00,False
0.3284426927464425,2022-03-18 00:00:00,False
0.3447379346359221,2022-03-18 00:30:00,False
0.3204954101415081,2022-03-18 01:00:00,False
0.3628306425805805,2022-03-18 01:30:00,False
0.321825382975246,2022-03-18 02:00:00,False
0.3116815673701493,2022-03-18 02:30:00,False
0.2751953640629757,2022-03-18 03:00:00,False
0.3056756091711365,2022-03-18 03:30:00,False
0.2780157167929574,2022-03-18 04:00:00,False
0.3369348225404143,2022-03-18 04:30:00,False
0.3391065677381361,2022-03-18 05:00:00,False
-0.049264613036652,2022-03-18 05:30:00,True
0.2932508618775101,2022-03-18 06:00:00,False
0.3045318144669501,2022-03-18 06:30:00,False
0.3256022127953161,2022-03-18 07:00:00,False
0.2849864380113585,2022-03-18 07:30:00,True
0.2953804271174635,2022-03-18 08:00:00,False
0.3172581866325075,2022-03-18 08:30:00,False
0.2708329650831735,2022-03-18 09:00:00,False
0.6222903557562511,2022-03-18 09:30:00,True
0.3247668400999057,2022-03-18 10:00:00,False
0.3583664871498777,2022-03-18 10:30:00,False
0.3204169990949059,2022-03-18 11:00:00,False
0.3774028333268142,2022-03-18 11:30:00,False
0.3350193625727077,2022-03-18 12:00:00,False
0.4095001391717957,2022-03-18 12:30:00,False
0.3509660497197078,2022-03-18 13:00:00,False
-0.1248343264838807,2022-03-18 13:30:00,True
0.8837030863612712,2022-03-18 14:00:00,True
-0.4673720651001074,2022-03-18 14:30:00,True
0.3153053552954202,2022-03-18 15:00:00,False
0.3559853771558681,2022-03-18 15:30:00,False
0.2932350710487148,2022-03-18 16:00:00,False
0.3450649090093232,2022-03-18 16:30:00,False
0.3654577378118797,2022-03-18 17:00:00,False
0.3608778454784651,2022-03-18 17:30:00,False
0.2935045737694217,2022-03-18 18:00:00,False
0.2977091000353159,2022-03-18 18:30:00,False
0.3206272914719598,2022-03-18 19:00:00,False
0.3429398147115062,2022-03-18 19:30:00,False
0.318858221570968,2022-03-18 20:00:00,False
0.3320891604334154,2022-03-18 20:30:00,False
0.3397964017552819,2022-03-18 21:00:00,False
0.3242006266251742,2022-03-18 21:30:00,False
0.3714078255724521,2022-03-18 22:00:00,False
0.3382833706112703,2022-03-18 22:30:00,False
0.2699495739003895,2022-03-18 23:00:00,False
0.3014202282959182,2022-03-18 23:30:00,False
0.2232645384119489,2022-03-19 00:00:00,False
0.2438276247789585,2022-03-19 00:30:00,False
0.2143829339285801,2022-03-19 01:00:00,False
0.2474234536025141,2022-03-19 01:30:00,False
0.2782929345513495,2022-03-19 02:00:00,False
0.257427607874954,2022-03-19 02:30:00,False
0.2507839480733408,2022-03-19 03:00:00,False
0.3254499848641806,2022-03-19 03:30:00,False
0.2588883425854653,2022-03-19 04:00:00,False
0.2056933757352856,2022-03-19 04:30:00,False
0.239100963648014,2022-03-19 05:00:00,False
0.2519094841348678,2022-03-19 05:30:00,False
0.2445320433991438,2022-03-19 06:00:00,False
0.2922720850254484,2022-03-19 06:30:00,False
0.2349840103277577,2022-03-19 07:00:00,False
0.2077109182238413,2022-03-19 07:30:00,False
0.2763981730729896,2022-03-19 08:00:00,False
0.2782658217700688,2022-03-19 08:30:00,False
0.237820603867089,2022-03-19 09:00:00,False
0.2562937008580674,2022-03-19 09:30:00,False
0.2304847021642434,2022-03-19 10:00:00,False
0.238640734457476,2022-03-19 10:30:00,False
0.2716957597579719,2022-03-19 11:00:00,False
0.2514205851199403,2022-03-19 11:30:00,False
0.2470561596828214,2022-03-19 12:00:00,False
0.1889754183566751,2022-03-19 12:30:00,False
0.2483307964054436,2022-03-19 13:00:00,False
0.22181281026501,2022-03-19 13:30:00,False
0.2483238373450259,2022-03-19 14:00:00,False
0.2704967308557363,2022-03-19 14:30:00,False
,2022-03-19 15:00:00,False
0.2584623601121988,2022-03-19 15:30:00,False
0.2587875781078453,2022-03-19 16:00:00,False
0.2330069838823214,2022-03-19 16:30:00,False
0.2445978592730838,2022-03-19 17:00:00,False
,2022-03-19 17:30:00,True
0.2723191188034731,2022-03-19 18:00:00,False
0.2967932793202175,2022-03-19 18:30:00,False
0.2108573273574012,2022-03-19 19:00:00,False
0.2101534666635496,2022-03-19 19:30:00,False
0.2710063941679511,2022-03-19 20:00:00,False
0.265576956324036,2022-03-19 20:30:00,False
0.2176693277378563,2022-03-19 21:00:00,False
0.2698926482901971,2022-03-19 21:30:00,False
0.2341924246440043,2022-03-19 22:00:00,False
0.2521782629278594,2022-03-19 22:30:00,False
0.2601170574670845,2022-03-19 23:00:00,False
0.210594499001307,2022-03-19 23:30:00,False
0.2808117206391708,2022-03-20 00:00:00,False
0.2530887134462502,2022-03-20 00:30:00,False
0.2291374832798876,2022-03-20 01:00:00,False
0.2721177036234771,2022-03-20 01:30:00,False
0.2747707944246582,2022-03-20 02:00:00,False
0.2596197645912542,2022-03-20 02:30:00,False
0.3043542012846774,2022-03-20 03:00:00,False
0.2997795790381899,2022-03-20 03:30:00,False
0.3068863600145531,2022-03-20 04:00:00,False
0.2994416994550202,2022-03-20 04:30:00,False
0.2627940031773762,2022-03-20 05:00:00,False
-0.8041814577369284,2022-03-20 05:30:00,True
0.3025883203934259,2022-03-20 06:00:00,False
0.2436181089942874,2022-03-20 06:30:00,False
0.2753824863391713,2022-03-20 07:00:00,False
0.2678806528686355,2022-03-20 07:30:00,False
0.24144984439291,2022-03-20 08:00:00,False
0.2261932711170686,2022-03-20 08:30:00,False
0.2512251966130815,2022-03-20 09:00:00,False
-0.7155412393927607,2022-03-20 09:30:00,True
0.2724467806878574,2022-03-20 10:00:00,False
0.3116936377505166,2022-03-20 10:30:00,False
0.1768089913325743,2022-03-20 11:00:00,True
0.3014119061060736,2022-03-20 11:30:00,False
0.3228387960804981,2022-03-20 12:00:00,False
0.3419292040672709,2022-03-20 12:30:00,False
-0.0608315507299399,2022-03-20 13:00:00,True
0.193395643585907,2022-03-20 13:30:00,True
0.2778590298876318,2022-03-20 14:00:00,False
0.2968930300891405,2022-03-20 14:30:00,False
-0.4762525072690751,2022-03-20 15:00:00,True
0.2526135960802573,2022-03-20 15:30:00,False
0.2875971947728021,2022-03-20 16:00:00,False
,2022-03-20 16:30:00,False
0.324670463746091,2022-03-20 17:00:00,False
0.3150439238545339,2022-03-20 17:30:00,False
0.3199629654749892,2022-03-20 18:00:00,False
,2022-03-20 18:30:00,False
0.3017170583186751,2022-03-20 19:00:00,False
0.3326317277937138,2022-03-20 19:30:00,False
0.2832374430569263,2022-03-20 20:00:00,False
0.3051084756397803,2022-03-20 20:30:00,False
0.2906204756598071,2022-03-20 21:00:00,False
0.2793101505674954,2022-03-20 21:30:00,False
0.3341861623358978,2022-03-20 22:00:00,False
0.3255741568308979,2022-03-20 22:30:00,False
0.2512760432803604,2022-03-20 23:00:00,False
0.246046289410253,2022-03-20 23:30:00,False
0.4843302416504651,2022-03-21 00:00:00,False
0.3609525447381164,2022-03-21 00:30:00,False
0.4505252030763958,2022-03-21 01:00:00,False
0.4293489428738751,2022-03-21 01:30:00,False
0.4709252973525201,2022-03-21 02:00:00,False
0.3514864019323517,2022-03-21 02:30:00,False
0.4042500766638684,2022-03-21 03:00:00,False
0.4303455270119246,2022-03-21 03:30:00,False
0.4341758133099535,2022-03-21 04:00:00,False
0.4103539692263639,2022-03-21 04:30:00,False
0.3386256155544076,2022-03-21 05:00:00,False
0.396765383061349,2022-03-21 05:30:00,False
0.461476869483263,2022-03-21 06:00:00,False
0.3906551161110204,2022-03-21 06:30:00,False
0.4126287387026764,2022-03-21 07:00:00,False
0.3334861808120918,2022-03-21 07:30:00,False
0.4138605336122187,2022-03-21 08:00:00,False
0.3286257931001977,2022-03-21 08:30:00,False
0.430079738318363,2022-03-21 09:00:00,False
0.3918586363243727,2022-03-21 09:30:00,False
0.3338900674220585,2022-03-21 10:00:00,False
0.4128726828471524,2022-03-21 10:30:00,False
0.3589571648599291,2022-03-21 11:00:00,False
0.4124345286364409,2022-03-21 11:30:00,False
0.3867692765076209,2022-03-21 12:00:00,False
0.4251233551133386,2022-03-21 12:30:00,False
0.3983942077284345,2022-03-21 13:00:00,False
-0.2946075798406458,2022-03-21 13:30:00,True
0.40409573207935,2022-03-21 14:00:00,False
0.4630850367174712,2022-03-21 14:30:00,False
0.5321188255015818,2022-03-21 15:00:00,False
0.376281294256393,2022-03-21 15:30:00,False
0.410629946748059,2022-03-21 16:00:00,False
0.4176023118068293,2022-03-21 16:30:00,True
0.3627431867408149,2022-03-21 17:00:00,False
0.4313910159595878,2022-03-21 17:30:00,False
0.32586550507965,2022-03-21 18:00:00,False
0.3725094399147216,2022-03-21 18:30:00,False
-0.6674388695501061,2022-03-21 19:00:00,True
0.4560820909804206,2022-03-21 19:30:00,False
0.4228118213815945,2022-03-21 20:00:00,False
0.3712060890363003,2022-03-21 20:30:00,False
0.3946105143167077,2022-03-21 21:00:00,False
0.4661111813688554,2022-03-21 21:30:00,False
0.3985305340796141,2022-03-21 22:00:00,False
0.4423463751276124,2022-03-21 22:30:00,False
,2022-03-21 23:00:00,False
